lambda,kappa,obj,return,risk,AAPL,AGG,AMZN,BAC,BND,BNDX,CORN,CSCO,DBA,DBC,DIA,DIS,EEM,EFA,EMB,GLD,GOOGL,HD,HYG,IEF,IWM,JNJ,JPM,KO,LQD,MA,META,MSFT,MUB,PALL,PFE,PG,QQQ,SLV,SPY,TLT,TSLA,UNG,USO,V,VNQ,WEAT,WMT,XOM
1.0,0.1,0.021475868725262852,0.028253114134269966,0.11642375538529168,0.19445643251276065,-1.3087312457249802e-08,1.5694996956442523e-08,8.12569220121753e-09,-1.2978714918728277e-08,-1.5308558568016827e-08,3.7880925405135845e-09,7.611452839963435e-09,9.873689173019243e-09,7.047021729080269e-09,4.7638392888768185e-09,1.5295775430951231e-09,-4.366361832982197e-10,9.918001337950693e-10,-3.905798745086836e-09,7.058933309468233e-09,0.006429447583798098,1.3298226385356146e-08,-5.749655420009099e-09,-1.0244937104505855e-08,3.8113216473463295e-09,2.4755295648214193e-10,3.926507301162363e-08,2.4562401096059937e-09,-5.794166461301412e-09,9.163459702147758e-09,0.21959778000160068,7.502704463497694e-08,-1.3886404011384398e-08,-3.57885418315639e-10,1.9256609261761413e-09,6.44328364822678e-09,1.9610267264649512e-08,1.182668430329504e-08,8.601406534744586e-09,-3.5902813215832318e-09,0.41583823120109625,2.3086107875046636e-09,1.0056289794516595e-08,7.577368497898533e-09,9.699100190018702e-10,1.460424283849112e-09,0.051464121277459744,0.11221379186388974
2.0,0.1,0.017203421882567516,0.023143909885133068,0.0770745613193196,0.14866983555748034,-2.0053183223816774e-09,2.1282370925479782e-10,-6.161651395020419e-11,-1.9926888769283625e-09,-2.267180922155421e-09,-3.0456302126857964e-10,-1.2320612416822286e-10,3.95793714091996e-10,-1.3700417007973223e-10,-3.857085355978861e-10,-2.5811305204643635e-10,-5.791128699502106e-10,-5.28277195609196e-10,-9.222486855813801e-10,-3.720583217966479e-11,0.09041591762046955,1.6648539337930502e-10,-1.2414314125728837e-09,-1.6474494104129379e-09,-2.984110715899105e-10,-5.690218954980382e-10,6.855081122721239e-09,-4.306599383769687e-10,-1.1477924445920174e-09,-6.924596776057546e-11,0.13977902285873478,0.013011708263202028,-2.1308472650526377e-09,-3.4867980920651057e-10,-3.15046814872405e-10,-2.3675592811712985e-10,3.716270919678579e-10,2.1956063624981916e-10,-2.2718670294583863e-10,-7.853580090597248e-10,0.20975079932885235,-1.0045776273056618e-10,2.783268987950635e-10,-1.6397953765064295e-10,-4.4269047380473647e-10,-3.40767263298051e-10,0.2627227092080436,0.13565002419258934
3.0,0.1,0.01473635577999151,0.02104845619556052,0.06486961494962548,0.11764586982835022,-2.4702638426817587e-09,3.6593355940308812e-09,1.759392792306825e-09,-2.4597703791828296e-09,-2.9516910605482904e-09,3.662392601157366e-09,2.3292781349245588e-09,0.0041261905241760915,5.391330375344814e-09,1.5175484957501999e-09,2.1702717676531226e-10,6.703352351830742e-11,3.831402867293259e-10,-6.96829764348758e-10,2.116462741710571e-08,0.10368004883430174,4.529814297132482e-09,-8.11148419332752e-10,-1.8700359993764893e-09,9.084883771927442e-10,4.4519348650657275e-10,0.0026522660433131763,1.090807772937979e-09,-1.020692982544739e-09,2.3134842573053997e-09,0.10614689610165841,0.06657512621977864,-2.4651173777800054e-09,2.552008978779603e-12,6.755671427193273e-10,3.823049500643895e-09,6.208208487875948e-09,4.8492564794189415e-09,2.6479593690777647e-09,-6.539268749644681e-10,0.14041758402384086,4.605390905087515e-10,5.149390241199554e-09,2.1833557760126966e-09,1.9998188362663677e-10,1.1413139337280652e-09,0.31949359952230316,0.13926235772334736
4.0,0.1,0.012967354284989949,0.018946810566046524,0.054678406528796075,0.09460872461742281,-1.455311400335178e-08,2.4433766443673254e-08,1.09371592035183e-08,-1.4539277373294996e-08,-1.76735369080997e-08,3.4626970519396335e-08,1.709373734834161e-08,0.12561588280339547,4.43314033294837e-08,1.0789116643169534e-08,1.2227677362891668e-09,9.041904328002101e-10,2.840474062513238e-09,-3.9722799949545695e-09,0.024242505704518528,0.09020153677751615,3.424025478474873e-08,-3.789133311274381e-09,-1.0710377903509991e-08,6.162715069103812e-09,4.1917592490710635e-09,0.005102838700860982,8.198182816183377e-09,-5.73041193527569e-09,1.494156557467931e-08,0.08014908792487331,0.07013159613345692,-1.3820207621657654e-08,3.674593751685566e-10,5.275661686082918e-09,3.121977984712344e-08,4.320057149826917e-08,3.1078673945059403e-08,1.8191989235701163e-08,-3.664701876170178e-09,0.10530285666750833,3.0751726099544878e-09,3.555572424944129e-08,1.478918609664549e-08,1.4039249925588784e-09,9.597376914132643e-09,0.28853947614412473,0.11610517380160212
5.0,0.1,0.011658327433535103,0.01744992362583212,0.04813147075374704,0.0771559607222052,-6.094614224467189e-09,8.938736101283935e-09,4.152267739443769e-09,-6.125301300397892e-09,-7.387282319586205e-09,2.252907633727823e-08,7.427866360334836e-09,0.17674980752600458,2.7737532887164958e-08,4.305473257911607e-09,7.412760418609816e-11,-6.980705886880902e-11,7.202376226741669e-10,-1.99615844949256e-09,0.08168750484698761,0.07719884495676278,1.860707237259195e-08,-1.67755727833608e-09,-4.351360378112643e-09,2.1376424418714277e-09,1.4883814653320832e-09,0.005934100087432708,3.1476009153195624e-09,-2.6442861052563905e-09,5.910218333657518e-09,0.06324560023390635,0.06724814608985098,-5.44438732439052e-09,-1.0895299683751151e-10,1.862842195105622e-09,1.5104947165961996e-08,2.0369408532303274e-08,1.1515988684211897e-08,7.4129335210637145e-09,-1.672035957136071e-09,0.08544733154973115,9.349662407213728e-10,2.4150478690045818e-08,6.0123074920669085e-09,1.2874776205502044e-10,4.010386915998986e-09,0.2626594918968159,0.10267305047079554
6.0,0.1,0.010603720839441111,0.016403746212173855,0.04396978270256648,0.06479857464841325,-2.5045306130933902e-09,5.838994861989106e-09,2.5577081922211986e-09,-2.5414290677701636e-09,-3.2188369110676537e-09,1.860415541861915e-08,4.942069283020965e-09,0.21145359298416416,1.5453367711254023e-08,3.0110622571290905e-09,2.779870533916454e-10,4.5077180904264404e-10,8.737757360882744e-10,-6.208672201923119e-10,0.12066889223212655,0.06822689663282323,1.0191624651121602e-08,-4.156329227108999e-11,-1.6337915177508127e-09,1.6686238896379924e-09,1.653177575346331e-09,0.005667763196499755,2.379804562575478e-09,-8.374048129432613e-10,3.6080325437393268e-09,0.05170824916449687,0.06500378813206227,-1.8131450852656873e-09,2.9635120479775336e-10,1.719001720884741e-09,9.933882352759017e-09,1.1090735537551892e-08,5.340453012458866e-09,4.704998763668705e-09,-5.253808042302846e-10,0.07244618945517094,8.933566310965186e-10,1.0628202665382107e-08,3.855382408415415e-09,4.3367881009723164e-10,3.4755885728355628e-09,0.2459994680018621,0.0940264751323031
7.0,0.1,0.009702217248452522,0.015614302805753393,0.041099480557373995,0.05541970639777992,-6.089754306471269e-09,1.3353646053151931e-08,5.755576194853885e-09,-6.243685316283811e-09,-7.9222847750673e-09,6.916952651614866e-08,1.225983930612445e-08,0.23694650048640747,4.1213324103792754e-08,7.0327721381169774e-09,3.4991975457360376e-10,7.547582131929706e-10,1.7090484477052723e-09,-1.8844911865683503e-09,0.1492959054999072,0.06153333353376649,2.591459388358785e-08,6.095524035079924e-12,-3.828768918103745e-09,3.777081895251439e-09,4.126317459390062e-09,0.004953645563048184,5.493828454543137e-09,-2.2683866499217438e-09,8.091579286106789e-09,0.04312148325702494,0.0633617300418351,-3.5322065778347454e-09,6.003378669252418e-10,4.238602477428938e-09,2.5559264946909754e-08,2.6429458169460014e-08,1.0581244689219885e-08,1.0911267722912493e-08,-1.4763719920509028e-09,0.0631908009518911,2.1283501714865024e-09,2.6840996040525723e-08,8.946683622771034e-09,6.543088699090688e-10,9.38756855803452e-09,0.2342637529919686,0.08791284886160218
8.0,0.1,0.008901986192941042,0.014987472083553048,0.03900476217916222,0.04796925487102065,-1.8865957098913793e-11,3.8244060091197683e-11,1.6909717697173115e-11,-1.9882137902355083e-11,-2.5571050690027033e-11,2.141794344468445e-09,4.334132370775637e-11,0.2566985097220188,2.553670401263143e-10,2.1924883164398436e-11,-1.072528283827389e-12,-9.156501204966359e-14,2.9094537158950893e-12,-8.462012672462971e-12,0.17146761593085874,0.056268194453204516,1.167664071471957e-10,-2.0946731644786942e-13,-1.0077119056847123e-11,1.0229464235846317e-11,1.2241769790653827e-11,0.004116826650812813,1.6393901163202238e-11,-8.850387521807876e-12,2.4268831695621922e-11,0.036343735151940136,0.06223209469576457,-4.3391043380176414e-12,6.040238821502577e-13,1.1894857394892612e-11,9.842219158860458e-11,9.692717077423797e-11,2.8344973954098172e-11,3.442622993068312e-11,-4.845313455475389e-12,0.05619882138402998,5.547104200115144e-12,1.79601820450981e-10,2.806141557188729e-11,-4.801193302202989e-13,3.5831771153620864e-11,0.22543060149059801,0.08327434259594348
9.0,0.1,0.008173254804431018,0.014466391826267624,0.03739618822475718,0.0418691072608473,-1.4588999218997335e-08,2.3129696288602156e-08,1.1560373019130726e-08,-1.5417745816618046e-08,-1.9585281427464686e-08,0.00134854701872289,3.5196201534774285e-08,0.2715583605285215,3.010890449776334e-07,1.5638262655777194e-08,-1.1765710194786537e-09,-5.096073897342195e-10,1.3428629584460074e-09,-6.664642258514679e-09,0.18911709775530836,0.05192216113265287,1.3148350535546454e-07,-2.673726742020869e-10,-7.743002838417217e-09,6.9926279924770776e-09,8.241761215013007e-09,0.003402031580984743,1.1223226514694323e-08,-7.121177236054133e-09,1.6584249966207963e-08,0.03087961213248831,0.06153187363052423,4.176758955078737e-10,5.111867412309938e-10,7.9559435736492e-09,8.829126677940563e-08,8.87026000652678e-08,1.6227159895505236e-08,2.451693041425428e-08,-4.0353065076155975e-09,0.05062920914870768,3.704404733206801e-09,1.894357867500251e-07,1.988648344714597e-08,-1.0252126141082964e-09,2.7819259134246635e-08,0.21829788681490278,0.07944316025472496
10.0,0.1,0.007500593265892624,0.013984652665013735,0.036011274343241764,0.036756692829809846,-2.548222020720754e-09,1.2288242940796192e-08,6.081272650987349e-09,-3.327005254698032e-09,-4.766248858430705e-09,0.013127012288000247,1.868309691458566e-08,0.27547166048981186,1.4406467204491253e-07,8.926855954211485e-09,-3.9183880351841506e-10,2.683642618263316e-10,1.1805624797149153e-09,-2.3074352251882876e-09,0.20232629925341186,0.04784824658940098,7.152719507873093e-08,3.0595843374858774e-09,-3.1728149103189244e-10,4.0917410744637025e-09,5.149365563623748e-09,0.0038569516596975778,5.857054294768673e-09,-1.894415403921675e-09,8.371546503134013e-09,0.02714948701745217,0.06117850601069758,1.4612128653337572e-08,4.268839744370631e-10,4.635882117437504e-09,4.153332378311807e-08,4.2924212218259336e-08,6.473713778221937e-09,1.3456062664013385e-08,-1.2829106135943912e-09,0.04567818233677472,1.701819309368962e-09,9.50417802697459e-08,1.045864989241377e-08,-1.5850631213643413e-10,1.4329963378910893e-08,0.2113529696259592,0.07525347333076567
1.0,0.4,0.009089674999092332,0.01051194165492939,0.05333416645710431,0.09902899739078509,-7.256725964583919e-09,0.03781885727546283,0.003694178044330457,-7.189595741926625e-09,-8.471667060603923e-09,1.1527208788576747e-08,8.318513720621841e-07,0.08878601814222531,0.004765282874400323,1.4740777206875217e-06,1.1693652364833694e-09,6.692967783204682e-10,3.210851562390475e-09,-2.063248668144468e-09,0.02559836945089966,0.08181425835844601,0.035011012109901596,-2.11433968005252e-09,-5.849715072958169e-09,1.7196787107920607e-08,1.3406701927644822e-09,0.04864413023803668,4.4598623337474146e-09,-3.1542461111508545e-09,0.015843023134564302,0.05444031953420688,0.10431222655236438,-7.4166691556349586e-09,-7.235629064818087e-10,1.5278540048637284e-09,8.626458293127203e-08,0.08462173934398488,0.01164287284606707,0.04846997684116647,-2.3764994951720632e-09,0.05181733601833886,1.2058728034555263e-09,5.269581356524929e-08,0.008175240392197178,1.838065808750914e-09,9.148061434949951e-10,0.14492580839415325,0.05058790953132277
2.0,0.4,0.007827988632710638,0.01009595906422376,0.04762321315821859,0.08230902790030836,-1.763459227282781e-08,0.02967632124609202,0.0007086490149839752,-1.751600244505107e-08,-2.038841501879492e-08,6.560091485990324e-07,0.003143500199873273,0.12760497062782128,0.022723688668105806,0.002486716580065955,5.610235494980069e-10,-2.609660535121129e-10,5.086008813935315e-09,-6.203806338335845e-09,0.06444851374249877,0.0706378229767743,0.031164069018167498,-5.500583910937046e-09,-1.4370467912288073e-08,3.3139977218667875e-08,2.7661930725871085e-09,0.04370961897424442,1.164850313632318e-08,-8.513678281396322e-09,0.012347547557101168,0.04491881165248963,0.09188572619376141,-1.749845333590213e-08,-2.352332314912715e-09,2.53182377675065e-09,0.012228391089073799,0.07055384609655947,0.010571945479941927,0.04213946980714902,-6.4859156400520056e-09,0.041612656505783496,1.9643934822180917e-09,0.0008215671602593483,0.008387896018776219,1.617272181776062e-09,2.416778089166528e-09,0.13879427788212403,0.04712436414027398
3.0,0.4,0.006786157013565241,0.009673547730967859,0.04387399166858512,0.07182764169406597,-1.5861584133031414e-08,0.02459539336373788,2.9824167662773976e-07,-1.5817238783876412e-08,-1.907449061327515e-08,0.014723874451807385,0.004724818153091773,0.1482372217728481,0.03111755488793991,0.0024996297058614042,2.1602666646151533e-09,4.1551695567841144e-09,1.1810690494414196e-08,-3.913605263835243e-09,0.08736982155902542,0.06343629568934349,0.02826770821331645,2.481327486257808e-09,-1.2533381247088669e-08,3.818805886463636e-08,1.255653039406211e-08,0.04005683206497986,2.631461174611891e-08,-5.922562966818019e-09,0.008903251264531365,0.0390078665282454,0.08391005826951935,-1.303894753080988e-08,-1.1205431761314093e-09,8.469240477084783e-09,0.02194669516152388,0.06126772879187767,0.008487041749792736,0.036405844164608875,-5.412795412019698e-09,0.03547244857190944,4.492454295373394e-09,0.0016498673870106138,0.007059590796290749,5.121527682095097e-09,1.1731968840547302e-08,0.13455177423312753,0.04448070798367708
4.0,0.4,0.005881876758767752,0.009294908899203322,0.041309999639527764,0.0647794486431532,-6.429615482614771e-10,0.021028033688885308,5.317004833220754e-09,-6.526259721476603e-10,-8.083102466278295e-10,0.0270073349608101,0.005468020880324565,0.16309785509572264,0.03620843561205428,0.0013273110202334727,1.2400708346791823e-10,3.437966264018897e-10,7.991487386266568e-10,-1.354957866987593e-10,0.10456631462269945,0.058612444928813415,0.026202778563126063,6.151448237303303e-10,-4.914993053439694e-10,2.105218302951452e-09,1.1753451108596987e-09,0.037504893186824775,2.052560230650414e-09,-1.9194385369709553e-10,0.005810178293780009,0.03500454027928214,0.07872911289047774,-2.0697487704889165e-10,-1.9555673821080965e-11,6.914773294933503e-10,0.02820988599357808,0.05473461683814015,0.006149652842180224,0.03154487760363724,-2.457893647940611e-10,0.0313969307719676,3.169263025809073e-10,0.0018959138427806076,0.0054305056834728594,3.301128928766201e-10,1.2127792681327918e-09,0.13251782239330323,0.04277307885700241
5.0,0.4,0.005069138304287664,0.008949910633359058,0.0393993519188902,0.0595803559399228,-9.646581575251488e-09,0.018282159870066976,8.093459694070796e-08,-1.0418735489210331e-08,-1.270954390858374e-08,0.03641061790305527,0.005835678100457437,0.17512830426877088,0.039722033442386215,4.212396068499124e-05,1.655185415904476e-09,7.676014412873389e-09,1.7538256966488512e-08,-3.541910639930674e-09,0.11888040105837067,0.05509253819966685,0.02465245140826965,2.487456504642691e-08,-7.112047971693106e-09,4.303294283345734e-08,3.647052213250863e-08,0.03561102500233897,5.4606582783129195e-08,-3.3524611401346157e-09,0.0029874351539118504,0.03199817089539083,0.07506854060689046,1.3614437070322762e-08,-4.5742160649334827e-10,1.8763367845113837e-08,0.03270950477130764,0.049738522750177525,0.0036700068342632327,0.02725733969181866,-5.810120512759413e-09,0.028410072382831175,7.622994133754428e-09,0.0018875129048974695,0.0037585097087324986,6.142685220841133e-09,4.3399402440856634e-08,0.13165759336596347,0.04161879751031263
6.0,0.4,0.004323357120919906,0.008630467413930282,0.037890677362689876,0.055433764761321336,1.5938475030603935e-08,0.016041935819390053,7.728108977088631e-08,1.3189841871782094e-08,1.687503207302744e-08,0.04400179910512019,0.0059798415892457915,0.1851355399719624,0.042231599890831445,1.31719164457621e-06,3.0793756069638553e-09,1.422514495392378e-08,2.597610925408571e-08,1.7675344100981934e-09,0.13129137713649627,0.05230631595032817,0.023395875933175964,6.439754988748685e-08,1.3589992662114975e-08,5.277517227463073e-08,6.812230490837056e-08,0.034061841735600465,8.187877350179963e-08,6.3611102027733036e-09,0.0003545332056375683,0.029555929751335024,0.07223995926956898,1.0065710218162121e-07,2.185452436959247e-09,3.1646706775978104e-08,0.03607208765259446,0.04565263129419018,0.001089576943948215,0.02331074817503918,-1.808051162110025e-09,0.026041182379460365,1.1468250451352659e-08,0.001732458300579162,0.0020930910046864978,9.938517112415831e-09,9.183911710273663e-08,0.13125396105105328,0.04072192942656472
7.0,0.4,0.0036287757143441375,0.008343276132122573,0.0367015002331685,0.05180497485123697,2.529143131044063e-08,0.014161990226711779,3.0479431634278295e-08,2.155221452663701e-08,3.152364682181108e-08,0.050360230151286024,0.006027935791520841,0.19329728677813168,0.04385610924696639,3.8168375874609477e-07,9.164908178499459e-10,6.947881702880888e-09,1.2254823473288235e-08,1.009367581316652e-09,0.1418421322192227,0.04988295768856674,0.02226909089029302,5.302638503544429e-08,1.9532205582606643e-08,2.3889844945177167e-08,4.482293602099922e-08,0.032646797246907014,4.320364592346313e-08,5.476043437737001e-09,3.6403939305531707e-07,0.02741048534145118,0.06986030592416193,2.7666175795133305e-07,1.2307576665991552e-09,1.817487384606258e-08,0.038507705573535764,0.042103435972779546,3.247753604735112e-07,0.019532240530548427,-3.932827726604819e-10,0.024017807765906528,5.907665774604521e-09,0.0014221035705569017,0.0002839112555302693,4.14221272817811e-09,7.566850582987701e-08,0.13087298000644926,0.039837746842203106
8.0,0.4,0.0029821140595114185,0.00786813252647229,0.03495003028239342,0.047556461481246,4.101542878696263e-08,0.012391250525044273,1.8593937531464974e-08,3.468606001947604e-08,5.8282950636464465e-08,0.0533164987379686,0.005609144442269412,0.19245086328536112,0.043386689908253784,1.4897409940301805e-07,9.359111040828273e-10,5.775063742887796e-09,9.024155753743452e-09,2.466872630018824e-09,0.14353412702092183,0.04647127433233773,0.020170168385107073,5.707552449753921e-08,2.9775539920904544e-08,1.6014110493729873e-08,4.053158595881643e-08,0.030294814815026487,3.1245080675765035e-08,7.328487777964585e-09,9.400729068000523e-08,0.024917450177163125,0.06574599811479724,0.034220429449677556,1.6726619612693754e-09,1.4955772267753075e-08,0.03855540485095905,0.03790958788554473,6.97370611491483e-08,0.01568806533735495,1.5329187873502873e-09,0.021922523313243396,4.6602970761286e-09,0.0009038387993127449,5.146076154208347e-07,3.374585101823633e-09,8.671769985476183e-08,0.12683864580660753,0.03811546987800604
9.0,0.4,0.002404500342176928,0.007329550337355857,0.033082556649754374,0.04353867204506296,1.1162267512399173e-07,0.010791216197703757,2.5572196400134902e-08,9.014553547688996e-08,2.015395050535171e-07,0.054374956662843824,0.004911720623347756,0.18770217250405993,0.042036453600328504,1.801008405662257e-07,1.664595867079951e-09,9.35189862255344e-09,1.3680965059568246e-08,5.29993141030552e-09,0.1409873121067469,0.043007147539974235,0.01771545672479121,1.1700222757940886e-07,7.47135942983166e-08,2.3103954012689346e-08,7.634748329585541e-08,0.027750025517303968,4.7734784184524104e-08,1.4573984628376552e-08,1.0417768672505031e-07,0.022543834990096254,0.06125965204097377,0.08165593681474936,3.382410584556396e-09,2.5451571336923218e-08,0.037436819171812435,0.03375442650981779,7.1213610307757e-08,0.012028794844241209,4.087333949805966e-09,0.020069424998717104,7.8130809025024e-09,0.0003197041283530114,3.0917637271801595e-07,5.423100613345747e-09,2.615238252122819e-07,0.12179835283249564,0.036316134834482316
10.0,0.4,0.0018831128639652177,0.006857679676176942,0.03154224726366758,0.04022712865321675,1.2803750524286764e-07,0.009435163497387707,1.224595830305304e-08,8.898166495677108e-08,9.10964287803347e-07,0.05525339310192861,0.004216541896583985,0.18389599792255168,0.04069883442188654,8.123012993135206e-08,3.6929415229002296e-10,4.223817419564014e-09,6.351580129754699e-09,1.8738123339924563e-09,0.13902473482057284,0.0401505712012499,0.015562239903545551,8.709306794527985e-08,7.015865826383883e-08,1.1303084893739021e-08,5.0983267886316426e-08,0.02558515107989472,2.5033839319080702e-08,7.806830202697117e-09,4.428499226349929e-08,0.020572007611868146,0.05758064375908628,0.12117207667487652,1.5850503612614508e-09,1.4684508872917267e-08,0.036365482176133175,0.03019092095494339,2.802000152011786e-08,0.008651537017892173,1.6541288251420164e-09,0.018579184573482017,4.468308517665681e-09,3.882574337979303e-06,1.3763357919953582e-07,2.0900105926089804e-09,1.9379538946070187e-06,0.11792984714194531,0.034901001788190666
1.0,0.7,0.003841892698105904,0.004823178106486551,0.044300912143671406,0.05521587946068983,-2.1638609796787957e-09,0.02837081775192487,0.013690929233418402,-2.141980227231545e-09,-2.5621668621246466e-09,0.019311987572260263,0.019136613782721947,0.11000367216847681,0.036174417760415856,0.0374455411646735,8.136155990209519e-10,3.1614701527084994e-09,0.005146674961792424,-4.1439692387689515e-10,0.0692391101692446,0.05034314256148401,0.03274245362003055,5.2031608207501105e-09,-1.8727012385875776e-09,0.014985478580011697,1.5189382121283426e-08,0.03476355626304151,0.0067593573294004025,-7.74196666895904e-10,0.02338839871702469,0.029549515567869878,0.0679596620204699,-1.6300926581717358e-09,-3.603889025813874e-10,2.410457506981345e-09,0.035020203535844105,0.062171356167879416,0.016713603447216493,0.05708000007915654,-8.980073254186089e-10,0.023338360370585873,4.997635051001755e-10,0.004764476780744574,0.025794476998311566,1.496315275793787e-08,9.873549543269485e-10,0.09068077920724327,0.030209504224736426
2.0,0.7,0.002903050042505492,0.004703929071378508,0.04243676506135941,0.05110847472046003,-1.6833464515432454e-10,0.025969896633326994,0.011261393447592624,-1.6942204866489885e-10,-2.008438436768719e-10,0.028051992318718227,0.01888125121022917,0.12228468542552563,0.03993137857507322,0.035284550062552926,5.541993273186729e-11,4.4513274388271693e-10,0.004354249497039489,-2.665155534249128e-11,0.08114657063924723,0.04761802956542098,0.030791030830100072,1.0195669676745375e-08,-1.746013389489348e-10,0.012472718809578865,1.1085302722328184e-07,0.03281282939201374,0.008992703741157886,-4.5837544499083685e-11,0.020710574161833,0.027353828281237842,0.06513281994240193,1.8672377380597005e-10,-4.5649184267090474e-11,4.488848923445133e-10,0.03896613553326945,0.05772535642827735,0.015615468648522372,0.05316510051748381,-1.0815902859156095e-10,0.021105804917742776,7.326643601167911e-11,0.004898667437090512,0.02383534161137592,5.752485879259188e-10,4.3257103181639027e-10,0.09114884315393401,0.029380182348170473
3.0,0.7,0.002040171428015572,0.004518716205632314,0.04064927041261417,0.047117432266032946,1.1932590646405079e-08,0.02374024741433229,0.008984146554531518,1.0045470374352429e-08,2.021693780742643e-08,0.03450884148712813,0.018284971290398647,0.13013627579254763,0.04201575624033818,0.03270934205070733,1.6043086778093357e-09,3.9599596804935086e-08,0.0031330979049357843,-7.422382957666539e-12,0.08944721859376165,0.044792373044228354,0.02871329541531288,0.014359186167905182,-1.0300347997978353e-09,0.010082665221877948,0.003903466044927012,0.03072445528701389,0.010112704222902169,2.2599189945546716e-09,0.018033424630417842,0.02522089899136603,0.06201226659553418,2.6199213705259517e-05,-2.575599761505773e-09,6.677603629102195e-08,0.04123898158746569,0.05334722880567235,0.014211318661809521,0.049031836543203776,-5.796549515176802e-09,0.019079921562671198,6.205574833028944e-09,0.00480955533027625,0.02170101204288877,2.8474262523818037e-08,4.5432098438801846e-07,0.09029144879980185,0.028229800380543422
4.0,0.7,0.001272891357872786,0.004129191939922958,0.0377908757641985,0.04212576026744111,2.6326230436731084e-07,0.02105386567378837,0.006885724584002349,2.0272545153685285e-07,8.459850203299098e-07,0.037052385451794075,0.01683328824119639,0.1288067660959464,0.041174661453382944,0.02902152181499111,4.792595234959631e-11,6.745504710147165e-08,0.001451038155448526,2.590512293947002e-09,0.09019087006881726,0.040657159861057154,0.025651764239311998,0.024616680387042254,4.9071564680505824e-08,0.007711742231341733,0.006587753799672273,0.027723772757618368,0.009960459311364866,1.7382562685128708e-08,0.015179386686617294,0.022519214382850018,0.05679632613887342,0.05004698798768121,-4.4607565767483e-09,1.8737097541852793e-07,0.04048334301129808,0.04762614410457937,0.0122643676293664,0.04353716365503212,-9.339667406646902e-09,0.01684752911849431,8.772550263686787e-09,0.004397973056327586,0.01903507682906284,2.9393686403685938e-08,0.002072233672011557,0.0855108751562089,0.026176502876084307
5.0,0.7,0.0006071360519063788,0.003680917579067298,0.03506440660932918,0.037696363117018246,0.004982953762237303,0.018628208199629376,0.005184184190953506,0.0009161420117739675,0.02327711163080675,0.037927832498657,0.015375306265028331,0.12468275668411577,0.03957962523003691,0.0255499357718439,2.370229388873285e-09,3.571638634868114e-08,8.206697122803053e-06,9.601515172768374e-09,0.08820668203048394,0.03682330303270583,0.02279053665080899,0.029792879911167705,1.1274719987706118e-07,0.0057080440159026765,0.00810588183243336,0.024991429545236137,0.009369240409375831,2.640058711682361e-08,0.012748827117900293,0.02012659853181547,0.05178814784133521,0.08100870882570009,-1.6246609863735626e-11,9.723027850358752e-08,0.03884044998439781,0.04242860629472029,0.010477055840760112,0.03850038390370825,-6.700106540009579e-10,0.014967943813053127,8.913678262662407e-09,0.0040036639035845745,0.016636259502747674,1.6739032919661273e-08,0.004352660067254645,0.08031809932657125,0.024205661708320392
6.0,0.7,3.9064671091801166e-05,0.0032016209088975133,0.03246822158052246,0.03357640687988052,0.02169645538590257,0.016333244552436038,0.003820471186001639,0.01727084402170038,0.04507944576450965,0.03756583036639944,0.01387495172753437,0.11819703111461706,0.03746992423822384,0.022233566966928887,4.976068219349498e-10,7.166619668606045e-09,2.086082872169415e-07,2.454272512803418e-09,0.08377353212666155,0.03308487263306899,0.020000465535549582,0.030990442086816932,6.900851634369681e-07,0.004000322671195345,0.008748302825655432,0.022380949050316113,0.00851882163410136,7.317360314573181e-09,0.010649735489827962,0.01787180656350493,0.04672718548005445,0.09560979663278958,1.378406759379488e-10,4.8048806821867764e-08,0.03646885189234163,0.03748092954215106,0.008864926386731219,0.03374050595280043,1.0114011198056863e-10,0.013306609481107219,2.338855791349068e-09,0.003679041142032103,0.014444301419086137,3.1932883955387016e-09,0.005732315739894883,0.07456276255232452,0.022244380883566384
7.0,0.7,-0.00045505271910769923,0.002791411495429644,0.030455889482225395,0.03041819236441759,0.033297655304167825,0.014524502446843805,0.002723856747331326,0.028622340391591637,0.060690097930298954,0.03738605967226785,0.012681740122865345,0.11337288408398051,0.03591338274565035,0.019564828307743882,5.206105485513574e-11,8.768789292030724e-10,5.036523426834236e-09,3.3886073692257875e-10,0.08035052837668148,0.030217555658313362,0.017798127523282897,0.03144617113343177,0.005471875382869827,0.0025786313074606985,0.009171832763643865,0.020396825511205148,0.007745204753390671,1.1504745713630426e-09,0.00896918610101419,0.016139447261613444,0.04281378163955898,0.10591216097539803,3.232594251811947e-11,1.9430261240946168e-08,0.03461149617991718,0.03361227731014666,0.0075472167144792724,0.02997548336230776,4.1054552603153007e-11,0.012061455898657689,3.528635182321518e-10,0.003439985044716823,0.012693938289364092,3.4321256392017304e-10,0.006757298690958589,0.07028249527729581,0.02081145727838847
8.0,0.7,-0.0008938158347153629,0.002433714219645059,0.02884237357760463,0.027903467604421545,0.04183648076800528,0.013046542764496674,0.0018023991945172006,0.03696471660382777,0.07260363003494501,0.03735107516152475,0.011703364236405217,0.10970686644540777,0.03473760418997338,0.01733832574991212,1.2503281507373411e-10,2.084440310500382e-09,7.686736735349272e-09,9.242986287880164e-10,0.07765716148952352,0.027936181967826455,0.015992219469135784,0.03151525052114163,0.012681124349466505,0.0013483812934569313,0.009476761360756038,0.018830682572562582,0.007035503988195116,3.3364712432528025e-09,0.007569056811783142,0.01475647459331196,0.039679063326678615,0.11373241281555654,1.2006401891940714e-10,7.228831693987996e-08,0.03312307334872561,0.030471918442410095,0.006425941328343461,0.02688280878206414,1.5788491655526726e-10,0.011091505753654876,1.0823382163369598e-09,0.003256154162710363,0.011244488625862052,7.959734587363015e-10,0.007562317250859807,0.06700690188639291,0.019730054411579205
9.0,0.7,-0.001290491932311305,0.0021192705520520737,0.027526805054804225,0.025860682822854558,0.04868672061854354,0.011813817928376885,0.000994721707886244,0.04363337542747433,0.08244165972051713,0.03745646890092122,0.010890239597730025,0.1069657941069511,0.033846597362317585,0.015433223096231196,1.403495548022948e-09,1.763884303274143e-08,4.375053376897475e-08,9.644658553308564e-09,0.07559655018788791,0.026087610173187167,0.014477964149090299,0.031434697958379096,0.018387604975099524,0.0002543102286622216,0.009730611216582743,0.017566841631474636,0.006379285376717105,3.3787259503364625e-08,0.0063659854174754555,0.01362688138879965,0.03713105021029508,0.12033970554273878,1.8349711308429276e-09,2.7860905700566506e-07,0.03193409136571515,0.027868624484156983,0.005440460229843068,0.024279230010161527,2.564905593035118e-09,0.010318106601857365,1.1230368462940565e-08,0.003104307651927599,0.010013118337331784,7.016306414995079e-09,0.008235541891013455,0.06450085209743545,0.018902859669799
10.0,0.7,-0.0016540630267388686,0.0018395776507141937,0.02643346620272514,0.024124084593902237,0.054339015945035915,0.010740938405266529,0.00024969976029869947,0.049115368903543996,0.09081065410700821,0.03763133752639883,0.01017860564557777,0.10479248174166084,0.03312751298912211,0.01372059159386511,9.92478569526211e-10,1.151854150806769e-08,2.3733788800540905e-08,7.112492444089349e-09,0.07393500857018165,0.024519155070604544,0.01314404403691657,0.031203768251064305,0.02305940897488601,3.9046658555150826e-07,0.00994470537559469,0.01647594487415333,0.00575971616105256,2.5394299612043083e-08,0.005292202155592405,0.012667093998555399,0.03496927666547479,0.12602052729986263,1.614296839605463e-09,2.3986358064196563e-07,0.03095068937021654,0.025608906880894594,0.004549108243050694,0.021981033746737405,2.2036824179211475e-09,0.009668665042469677,9.132593964780479e-09,0.002969426557094238,0.008922711455902928,4.567266301536834e-09,0.00881435085289941,0.06248586768778145,0.018227380830009392
1.0,1.0,-0.00022300478354161934,0.0005543532177473953,0.03942988717430005,0.03772643815220533,0.0007693093845352504,0.021396423621677874,0.013088215019871135,0.0008180208840158595,0.006727154143349026,0.025858043621434457,0.01932792358118257,0.09535675153580739,0.035889219619622235,0.03757605162938296,1.0360010522622246e-06,0.009537012739380324,0.019393194329020272,6.613262265969942e-07,0.06496917991577424,0.03593980502819226,0.02648818019487537,0.044014316697520976,2.1430182982537115e-08,0.01753843780687772,0.014130945812402962,0.026463559307750382,0.01843160492783682,1.3854975868984142e-06,0.020721828397634607,0.019916706292514498,0.04947510672995434,0.0478342273376629,-7.734343932310077e-09,0.003013473877068148,0.036508032478236405,0.04698827290299006,0.014775968499967599,0.04837471544265491,-1.759878932295034e-08,0.014192974187638638,1.7418931577323062e-08,0.005285210031198492,0.024492062822177186,0.008574123352131584,0.0011810219767982068,0.06554692217414704,0.021676467945470675
2.0,1.0,-0.0009173384283902289,0.0003373947405886941,0.03542221293170319,0.03219865146402231,0.02431003263259128,0.018175638152152847,0.010508330339682449,0.023474899536961896,0.037257200871457175,0.026128795778867262,0.016841945933293148,0.08918978529826968,0.03308667999004692,0.0320233775943933,1.4543811132822844e-09,0.008029473581935509,0.01594899081862932,1.8194949516162617e-07,0.0615904928447804,0.031038033919722253,0.02254717615870403,0.04452839697375901,2.4859864023225116e-08,0.014219605467439143,0.014011106569739123,0.0226448078660153,0.016520033406433467,0.0029377987315024547,0.017184073376777652,0.016986968636630025,0.043050908698437196,0.07039697228672234,-1.0692446076505764e-10,0.0031098411578963166,0.033533581553446976,0.040068724681624465,0.012574756076310357,0.0411901429305098,-1.5259595825376474e-10,0.011973575556295604,6.686915285825723e-10,0.004665894452873451,0.02075890932791998,0.006105917081942086,0.0033560990874027395,0.05883672005893692,0.018995452519832933
3.0,1.0,-0.001495088645173357,0.00010838499927004301,0.032695296750892666,0.02852913732938875,0.038067074771928715,0.015990017813165273,0.008743142056552867,0.0366691681386291,0.05554254412862836,0.026366693237745216,0.015132396816013886,0.0851326938757186,0.03125192348105175,0.028185038784458803,3.165312618415793e-08,0.0066854568016115785,0.013349864858535258,1.4093956257066543e-05,0.05918373365322492,0.027770789809888466,0.019842182947773165,0.044147791371493154,0.010226459897681898,0.011896537007103285,0.01380048004729016,0.020103739618380075,0.015095689123334874,0.005143698563677729,0.014762403376070352,0.01503641436840989,0.038740704086147416,0.08363599572935103,-1.469494271459172e-09,0.003078398182484767,0.03146798330477443,0.03539035072398541,0.011027190543733675,0.03628554315561798,-1.1085303845531299e-10,0.010534627001382383,4.3648542134384506e-08,0.004261114575551121,0.01820284966990353,0.004209777043828983,0.004740271920719208,0.05448465585033776,0.01727129785792962
4.0,1.0,-0.0019966905382235245,-0.00010718689290320493,0.03073681542808493,0.025934582746788004,0.047601519738219134,0.014409753822326274,0.007432271264450651,0.04578431354505255,0.06855170204382452,0.02673780833311301,0.013900589651621643,0.08260786563894246,0.03006890132023392,0.025368921795990804,3.0289584743938695e-09,0.0055006905171138655,0.01127663636781925,2.110030671260218e-06,0.057635480597079916,0.02546780512595952,0.017870406185561665,0.043709730620716876,0.018611078907864807,0.010144368361594915,0.013651483572502045,0.018308859076558846,0.014016336795447016,0.006254129603992629,0.012979265453564268,0.013653746909993002,0.03569798361257585,0.09315998162843306,-5.182812161105987e-11,0.003017752964860047,0.03004517906292026,0.03202585981238327,0.009868520863154179,0.03272422462235101,6.578193020485991e-11,0.009534289431574548,1.1313549769289032e-08,0.003983301384797647,0.016337200805443333,0.0026446293991657524,0.005772295102477926,0.05159761568100704,0.016110792535194852
5.0,1.0,-0.0024453423284409013,-0.00031020293395976617,0.029224232373023122,0.023956954361240325,0.05487568909038704,0.013178933330599527,0.006384984005272893,0.052718813955712464,0.07872485363311613,0.02718944114653765,0.012948639045185204,0.0809706494475702,0.02926340609897248,0.023149409876507498,6.8937864918295e-10,0.004422434182406811,0.009517947021878121,2.7413399550617166e-07,0.05659675726608741,0.023719733705790336,0.016324388403697158,0.04329734928625793,0.024926499543950854,0.00872657577367877,0.013554415981329742,0.016945665392447823,0.013144805274348529,0.0067952175708643064,0.011565822406589219,0.012597284106901545,0.03338555674904898,0.10072558089455022,2.5922297685352904e-11,0.0029485739363271516,0.029000004708938616,0.029419969330060393,0.008933501632641928,0.02994159552406535,1.8345591056555435e-10,0.008784101969097307,5.911387804105455e-09,0.0037782149560724896,0.01487276384352962,0.0012790665329609245,0.006607293484036899,0.04955284387564348,0.015273981657326978
6.0,1.0,-0.002854078977434357,-0.0005032832677065707,0.027992830687682546,0.02236615397886853,0.06072833071206021,0.012167979115479371,0.005507385156109219,0.05828410129722941,0.08710890631967075,0.027681780421950224,0.012174290942669908,0.07986937960367975,0.028690622081637616,0.021309891847454097,9.910082978635816e-09,0.003417739702863226,0.007963559290936107,1.065529206162989e-06,0.05586404345170289,0.022319365401186654,0.015047884754812111,0.042907760147994446,0.02993723569965083,0.007524857164074493,0.013493526256813266,0.015856151896586398,0.012406425861123045,0.006987986812714527,0.010387761399876348,0.011745645112953392,0.03152898604791012,0.10704993502880183,2.6405219786208004e-09,0.0028767685280728715,0.028188312733331066,0.027291823290221232,0.008138352994429459,0.027651760456833117,7.972785678672567e-09,0.00819079160807608,1.1345831851161849e-07,0.0036189363443282154,0.013663390830929946,6.934636502502217e-05,0.007313162879813356,0.04802826511526973,0.014640203371371355
7.0,1.0,-0.0032314288143746586,-0.0006844663551251436,0.026975981164465104,0.021009881005400174,0.06557467817582566,0.011292297394656675,0.004733999890142995,0.06288079503086226,0.09423483255273583,0.028170615087656385,0.011505379816195068,0.07904402318239738,0.02824345024355986,0.01969670023784845,1.1777240088365633e-09,0.0024565506284242034,0.006532309169171083,9.990064501567692e-08,0.05527778617856672,0.021128306282435564,0.013929462571320427,0.04248676514019911,0.034051638683244546,0.006452684987187537,0.013441912604319097,0.014930312689819474,0.011739011215662827,0.00693521067201177,0.009355310085081555,0.01101884980408022,0.02994479424922051,0.11244577826234088,6.057265415712512e-10,0.0027999075813104697,0.027505699295835594,0.025453622885426283,0.00743099829311077,0.025657348713287727,1.507749259678152e-09,0.007693379551769951,6.292491421426765e-08,0.003486009993045718,0.012609405290983268,6.602340300861762e-08,0.007925148805697214,0.04679928623078926,0.014125625350091387
8.0,1.0,-0.0035833068096790726,-0.000858791981041454,0.026098442619424712,0.01984503718422735,0.06971921499173281,0.010526563849586196,0.004048199883641919,0.06680386878208261,0.10047629765172696,0.028669842209702496,0.010926517938275976,0.07846448805315805,0.027907593334747332,0.01827640796674753,4.526008452825481e-09,0.0015387969968143663,0.005208068830843261,1.0445161998581122e-07,0.054830832334346734,0.020109355831276068,0.01294572254326962,0.04208467314732626,0.037517792865550424,0.005492349014335906,0.013411984678510422,0.014142441919405025,0.011139339977507974,0.006718658774300862,0.00844263751811384,0.010393884715360208,0.028584635043769683,0.11722240352597302,3.5978520255629545e-09,0.002724573608367295,0.026936285136849463,0.023853982445724453,0.006793104982739552,0.023910415403659777,7.853097278419778e-09,0.007273591542062978,3.2497069508254173e-07,0.003375800135255993,0.01168496569891201,4.273147550381218e-08,0.008467854719294227,0.045819984059447295,0.013711344221240884
9.0,1.0,-0.003913682223288539,-0.001027528503730728,0.025325234317476096,0.01882640388595156,0.07333627015048189,0.00984494972435471,0.003430806897105295,0.07022167593795323,0.1060519010339581,0.029174894955146274,0.010417283991319828,0.0780673658663453,0.027656288634762147,0.017005738186780125,1.4086876943649192e-10,0.0006538381787821234,0.003967361299935278,5.238569877382922e-09,0.05448726967011845,0.019221961552681847,0.012065874074236252,0.041702934829027996,0.04049226070053257,0.004619700916298055,0.01340114410489684,0.013461486856173056,0.010592729496156177,0.006380755315400416,0.007622474761740156,0.009846897473165552,0.027394928374272914,0.12153466026964417,1.4237890455104316e-10,0.0026515418596047423,0.02645277500632928,0.022437260795259647,0.006207612405295428,0.02235422093504987,2.886913935256312e-10,0.006913141538666074,2.3839832162625267e-08,0.003283019134198471,0.010860645926914105,1.3999672762901878e-09,0.008956089526710075,0.045029628536588845,0.013374175700579477
10.0,1.0,-0.00422555022165845,-0.001190713673626254,0.024636706549505342,0.017917868575830637,0.07652677357135787,0.009226982674362403,0.0028661789144804285,0.07323094069011157,0.11108867242452365,0.029676004234403117,0.009962088185864644,0.07779019954518687,0.027462520317871202,0.01584938143661071,7.82433893955282e-09,1.2860649111301358e-05,0.0027895984822837944,2.2513911555258805e-07,0.054207493262935856,0.018432142586634268,0.011264618590253734,0.04132842921940797,0.043075770608881375,0.0038147380092634323,0.013405506710273936,0.012860955502035113,0.010085869150246743,0.005945580363800892,0.006873863066753021,0.009357325562344263,0.02633163234330471,0.1254565401908174,1.0178172602987082e-08,0.0025819999653647592,0.02603058415070452,0.021158266582842512,0.005660024783967793,0.020942342964025147,1.89973562877921e-08,0.006597268158196235,1.3090467423380039e-06,0.0032026671707334055,0.01011391476262045,5.5691557582913305e-08,0.009399680618971633,0.04437725972388087,0.0130938287577855
