lambda,kappa,Asset,Weight
1.0,0.1,AAPL,0.19445643251276065
1.0,0.1,AGG,-1.3087312457249802e-08
1.0,0.1,AMZN,1.5694996956442523e-08
1.0,0.1,BAC,8.12569220121753e-09
1.0,0.1,BND,-1.2978714918728277e-08
1.0,0.1,BNDX,-1.5308558568016827e-08
1.0,0.1,CORN,3.7880925405135845e-09
1.0,0.1,CSCO,7.611452839963435e-09
1.0,0.1,DBA,9.873689173019243e-09
1.0,0.1,DBC,7.047021729080269e-09
1.0,0.1,DIA,4.7638392888768185e-09
1.0,0.1,DIS,1.5295775430951231e-09
1.0,0.1,EEM,-4.366361832982197e-10
1.0,0.1,EFA,9.918001337950693e-10
1.0,0.1,EMB,-3.905798745086836e-09
1.0,0.1,GLD,7.058933309468233e-09
1.0,0.1,GOOGL,0.006429447583798098
1.0,0.1,HD,1.3298226385356146e-08
1.0,0.1,HYG,-5.749655420009099e-09
1.0,0.1,IEF,-1.0244937104505855e-08
1.0,0.1,IWM,3.8113216473463295e-09
1.0,0.1,JNJ,2.4755295648214193e-10
1.0,0.1,JPM,3.926507301162363e-08
1.0,0.1,KO,2.4562401096059937e-09
1.0,0.1,LQD,-5.794166461301412e-09
1.0,0.1,MA,9.163459702147758e-09
1.0,0.1,META,0.21959778000160068
1.0,0.1,MSFT,7.502704463497694e-08
1.0,0.1,MUB,-1.3886404011384398e-08
1.0,0.1,PALL,-3.57885418315639e-10
1.0,0.1,PFE,1.9256609261761413e-09
1.0,0.1,PG,6.44328364822678e-09
1.0,0.1,QQQ,1.9610267264649512e-08
1.0,0.1,SLV,1.182668430329504e-08
1.0,0.1,SPY,8.601406534744586e-09
1.0,0.1,TLT,-3.5902813215832318e-09
1.0,0.1,TSLA,0.41583823120109625
1.0,0.1,UNG,2.3086107875046636e-09
1.0,0.1,USO,1.0056289794516595e-08
1.0,0.1,V,7.577368497898533e-09
1.0,0.1,VNQ,9.699100190018702e-10
1.0,0.1,WEAT,1.460424283849112e-09
1.0,0.1,WMT,0.051464121277459744
1.0,0.1,XOM,0.11221379186388974
1.0,0.4,AAPL,0.09902899739078509
1.0,0.4,AGG,-7.256725964583919e-09
1.0,0.4,AMZN,0.03781885727546283
1.0,0.4,BAC,0.003694178044330457
1.0,0.4,BND,-7.189595741926625e-09
1.0,0.4,BNDX,-8.471667060603923e-09
1.0,0.4,CORN,1.1527208788576747e-08
1.0,0.4,CSCO,8.318513720621841e-07
1.0,0.4,DBA,0.08878601814222531
1.0,0.4,DBC,0.004765282874400323
1.0,0.4,DIA,1.4740777206875217e-06
1.0,0.4,DIS,1.1693652364833694e-09
1.0,0.4,EEM,6.692967783204682e-10
1.0,0.4,EFA,3.210851562390475e-09
1.0,0.4,EMB,-2.063248668144468e-09
1.0,0.4,GLD,0.02559836945089966
1.0,0.4,GOOGL,0.08181425835844601
1.0,0.4,HD,0.035011012109901596
1.0,0.4,HYG,-2.11433968005252e-09
1.0,0.4,IEF,-5.849715072958169e-09
1.0,0.4,IWM,1.7196787107920607e-08
1.0,0.4,JNJ,1.3406701927644822e-09
1.0,0.4,JPM,0.04864413023803668
1.0,0.4,KO,4.4598623337474146e-09
1.0,0.4,LQD,-3.1542461111508545e-09
1.0,0.4,MA,0.015843023134564302
1.0,0.4,META,0.05444031953420688
1.0,0.4,MSFT,0.10431222655236438
1.0,0.4,MUB,-7.4166691556349586e-09
1.0,0.4,PALL,-7.235629064818087e-10
1.0,0.4,PFE,1.5278540048637284e-09
1.0,0.4,PG,8.626458293127203e-08
1.0,0.4,QQQ,0.08462173934398488
1.0,0.4,SLV,0.01164287284606707
1.0,0.4,SPY,0.04846997684116647
1.0,0.4,TLT,-2.3764994951720632e-09
1.0,0.4,TSLA,0.05181733601833886
1.0,0.4,UNG,1.2058728034555263e-09
1.0,0.4,USO,5.269581356524929e-08
1.0,0.4,V,0.008175240392197178
1.0,0.4,VNQ,1.838065808750914e-09
1.0,0.4,WEAT,9.148061434949951e-10
1.0,0.4,WMT,0.14492580839415325
1.0,0.4,XOM,0.05058790953132277
1.0,0.7,AAPL,0.05521587946068983
1.0,0.7,AGG,-2.1638609796787957e-09
1.0,0.7,AMZN,0.02837081775192487
1.0,0.7,BAC,0.013690929233418402
1.0,0.7,BND,-2.141980227231545e-09
1.0,0.7,BNDX,-2.5621668621246466e-09
1.0,0.7,CORN,0.019311987572260263
1.0,0.7,CSCO,0.019136613782721947
1.0,0.7,DBA,0.11000367216847681
1.0,0.7,DBC,0.036174417760415856
1.0,0.7,DIA,0.0374455411646735
1.0,0.7,DIS,8.136155990209519e-10
1.0,0.7,EEM,3.1614701527084994e-09
1.0,0.7,EFA,0.005146674961792424
1.0,0.7,EMB,-4.1439692387689515e-10
1.0,0.7,GLD,0.0692391101692446
1.0,0.7,GOOGL,0.05034314256148401
1.0,0.7,HD,0.03274245362003055
1.0,0.7,HYG,5.2031608207501105e-09
1.0,0.7,IEF,-1.8727012385875776e-09
1.0,0.7,IWM,0.014985478580011697
1.0,0.7,JNJ,1.5189382121283426e-08
1.0,0.7,JPM,0.03476355626304151
1.0,0.7,KO,0.0067593573294004025
1.0,0.7,LQD,-7.74196666895904e-10
1.0,0.7,MA,0.02338839871702469
1.0,0.7,META,0.029549515567869878
1.0,0.7,MSFT,0.0679596620204699
1.0,0.7,MUB,-1.6300926581717358e-09
1.0,0.7,PALL,-3.603889025813874e-10
1.0,0.7,PFE,2.410457506981345e-09
1.0,0.7,PG,0.035020203535844105
1.0,0.7,QQQ,0.062171356167879416
1.0,0.7,SLV,0.016713603447216493
1.0,0.7,SPY,0.05708000007915654
1.0,0.7,TLT,-8.980073254186089e-10
1.0,0.7,TSLA,0.023338360370585873
1.0,0.7,UNG,4.997635051001755e-10
1.0,0.7,USO,0.004764476780744574
1.0,0.7,V,0.025794476998311566
1.0,0.7,VNQ,1.496315275793787e-08
1.0,0.7,WEAT,9.873549543269485e-10
1.0,0.7,WMT,0.09068077920724327
1.0,0.7,XOM,0.030209504224736426
1.0,1.0,AAPL,0.03772643815220533
1.0,1.0,AGG,0.0007693093845352504
1.0,1.0,AMZN,0.021396423621677874
1.0,1.0,BAC,0.013088215019871135
1.0,1.0,BND,0.0008180208840158595
1.0,1.0,BNDX,0.006727154143349026
1.0,1.0,CORN,0.025858043621434457
1.0,1.0,CSCO,0.01932792358118257
1.0,1.0,DBA,0.09535675153580739
1.0,1.0,DBC,0.035889219619622235
1.0,1.0,DIA,0.03757605162938296
1.0,1.0,DIS,1.0360010522622246e-06
1.0,1.0,EEM,0.009537012739380324
1.0,1.0,EFA,0.019393194329020272
1.0,1.0,EMB,6.613262265969942e-07
1.0,1.0,GLD,0.06496917991577424
1.0,1.0,GOOGL,0.03593980502819226
1.0,1.0,HD,0.02648818019487537
1.0,1.0,HYG,0.044014316697520976
1.0,1.0,IEF,2.1430182982537115e-08
1.0,1.0,IWM,0.01753843780687772
1.0,1.0,JNJ,0.014130945812402962
1.0,1.0,JPM,0.026463559307750382
1.0,1.0,KO,0.01843160492783682
1.0,1.0,LQD,1.3854975868984142e-06
1.0,1.0,MA,0.020721828397634607
1.0,1.0,META,0.019916706292514498
1.0,1.0,MSFT,0.04947510672995434
1.0,1.0,MUB,0.0478342273376629
1.0,1.0,PALL,-7.734343932310077e-09
1.0,1.0,PFE,0.003013473877068148
1.0,1.0,PG,0.036508032478236405
1.0,1.0,QQQ,0.04698827290299006
1.0,1.0,SLV,0.014775968499967599
1.0,1.0,SPY,0.04837471544265491
1.0,1.0,TLT,-1.759878932295034e-08
1.0,1.0,TSLA,0.014192974187638638
1.0,1.0,UNG,1.7418931577323062e-08
1.0,1.0,USO,0.005285210031198492
1.0,1.0,V,0.024492062822177186
1.0,1.0,VNQ,0.008574123352131584
1.0,1.0,WEAT,0.0011810219767982068
1.0,1.0,WMT,0.06554692217414704
1.0,1.0,XOM,0.021676467945470675
2.0,0.1,AAPL,0.14866983555748034
2.0,0.1,AGG,-2.0053183223816774e-09
2.0,0.1,AMZN,2.1282370925479782e-10
2.0,0.1,BAC,-6.161651395020419e-11
2.0,0.1,BND,-1.9926888769283625e-09
2.0,0.1,BNDX,-2.267180922155421e-09
2.0,0.1,CORN,-3.0456302126857964e-10
2.0,0.1,CSCO,-1.2320612416822286e-10
2.0,0.1,DBA,3.95793714091996e-10
2.0,0.1,DBC,-1.3700417007973223e-10
2.0,0.1,DIA,-3.857085355978861e-10
2.0,0.1,DIS,-2.5811305204643635e-10
2.0,0.1,EEM,-5.791128699502106e-10
2.0,0.1,EFA,-5.28277195609196e-10
2.0,0.1,EMB,-9.222486855813801e-10
2.0,0.1,GLD,-3.720583217966479e-11
2.0,0.1,GOOGL,0.09041591762046955
2.0,0.1,HD,1.6648539337930502e-10
2.0,0.1,HYG,-1.2414314125728837e-09
2.0,0.1,IEF,-1.6474494104129379e-09
2.0,0.1,IWM,-2.984110715899105e-10
2.0,0.1,JNJ,-5.690218954980382e-10
2.0,0.1,JPM,6.855081122721239e-09
2.0,0.1,KO,-4.306599383769687e-10
2.0,0.1,LQD,-1.1477924445920174e-09
2.0,0.1,MA,-6.924596776057546e-11
2.0,0.1,META,0.13977902285873478
2.0,0.1,MSFT,0.013011708263202028
2.0,0.1,MUB,-2.1308472650526377e-09
2.0,0.1,PALL,-3.4867980920651057e-10
2.0,0.1,PFE,-3.15046814872405e-10
2.0,0.1,PG,-2.3675592811712985e-10
2.0,0.1,QQQ,3.716270919678579e-10
2.0,0.1,SLV,2.1956063624981916e-10
2.0,0.1,SPY,-2.2718670294583863e-10
2.0,0.1,TLT,-7.853580090597248e-10
2.0,0.1,TSLA,0.20975079932885235
2.0,0.1,UNG,-1.0045776273056618e-10
2.0,0.1,USO,2.783268987950635e-10
2.0,0.1,V,-1.6397953765064295e-10
2.0,0.1,VNQ,-4.4269047380473647e-10
2.0,0.1,WEAT,-3.40767263298051e-10
2.0,0.1,WMT,0.2627227092080436
2.0,0.1,XOM,0.13565002419258934
2.0,0.4,AAPL,0.08230902790030836
2.0,0.4,AGG,-1.763459227282781e-08
2.0,0.4,AMZN,0.02967632124609202
2.0,0.4,BAC,0.0007086490149839752
2.0,0.4,BND,-1.751600244505107e-08
2.0,0.4,BNDX,-2.038841501879492e-08
2.0,0.4,CORN,6.560091485990324e-07
2.0,0.4,CSCO,0.003143500199873273
2.0,0.4,DBA,0.12760497062782128
2.0,0.4,DBC,0.022723688668105806
2.0,0.4,DIA,0.002486716580065955
2.0,0.4,DIS,5.610235494980069e-10
2.0,0.4,EEM,-2.609660535121129e-10
2.0,0.4,EFA,5.086008813935315e-09
2.0,0.4,EMB,-6.203806338335845e-09
2.0,0.4,GLD,0.06444851374249877
2.0,0.4,GOOGL,0.0706378229767743
2.0,0.4,HD,0.031164069018167498
2.0,0.4,HYG,-5.500583910937046e-09
2.0,0.4,IEF,-1.4370467912288073e-08
2.0,0.4,IWM,3.3139977218667875e-08
2.0,0.4,JNJ,2.7661930725871085e-09
2.0,0.4,JPM,0.04370961897424442
2.0,0.4,KO,1.164850313632318e-08
2.0,0.4,LQD,-8.513678281396322e-09
2.0,0.4,MA,0.012347547557101168
2.0,0.4,META,0.04491881165248963
2.0,0.4,MSFT,0.09188572619376141
2.0,0.4,MUB,-1.749845333590213e-08
2.0,0.4,PALL,-2.352332314912715e-09
2.0,0.4,PFE,2.53182377675065e-09
2.0,0.4,PG,0.012228391089073799
2.0,0.4,QQQ,0.07055384609655947
2.0,0.4,SLV,0.010571945479941927
2.0,0.4,SPY,0.04213946980714902
2.0,0.4,TLT,-6.4859156400520056e-09
2.0,0.4,TSLA,0.041612656505783496
2.0,0.4,UNG,1.9643934822180917e-09
2.0,0.4,USO,0.0008215671602593483
2.0,0.4,V,0.008387896018776219
2.0,0.4,VNQ,1.617272181776062e-09
2.0,0.4,WEAT,2.416778089166528e-09
2.0,0.4,WMT,0.13879427788212403
2.0,0.4,XOM,0.04712436414027398
2.0,0.7,AAPL,0.05110847472046003
2.0,0.7,AGG,-1.6833464515432454e-10
2.0,0.7,AMZN,0.025969896633326994
2.0,0.7,BAC,0.011261393447592624
2.0,0.7,BND,-1.6942204866489885e-10
2.0,0.7,BNDX,-2.008438436768719e-10
2.0,0.7,CORN,0.028051992318718227
2.0,0.7,CSCO,0.01888125121022917
2.0,0.7,DBA,0.12228468542552563
2.0,0.7,DBC,0.03993137857507322
2.0,0.7,DIA,0.035284550062552926
2.0,0.7,DIS,5.541993273186729e-11
2.0,0.7,EEM,4.4513274388271693e-10
2.0,0.7,EFA,0.004354249497039489
2.0,0.7,EMB,-2.665155534249128e-11
2.0,0.7,GLD,0.08114657063924723
2.0,0.7,GOOGL,0.04761802956542098
2.0,0.7,HD,0.030791030830100072
2.0,0.7,HYG,1.0195669676745375e-08
2.0,0.7,IEF,-1.746013389489348e-10
2.0,0.7,IWM,0.012472718809578865
2.0,0.7,JNJ,1.1085302722328184e-07
2.0,0.7,JPM,0.03281282939201374
2.0,0.7,KO,0.008992703741157886
2.0,0.7,LQD,-4.5837544499083685e-11
2.0,0.7,MA,0.020710574161833
2.0,0.7,META,0.027353828281237842
2.0,0.7,MSFT,0.06513281994240193
2.0,0.7,MUB,1.8672377380597005e-10
2.0,0.7,PALL,-4.5649184267090474e-11
2.0,0.7,PFE,4.488848923445133e-10
2.0,0.7,PG,0.03896613553326945
2.0,0.7,QQQ,0.05772535642827735
2.0,0.7,SLV,0.015615468648522372
2.0,0.7,SPY,0.05316510051748381
2.0,0.7,TLT,-1.0815902859156095e-10
2.0,0.7,TSLA,0.021105804917742776
2.0,0.7,UNG,7.326643601167911e-11
2.0,0.7,USO,0.004898667437090512
2.0,0.7,V,0.02383534161137592
2.0,0.7,VNQ,5.752485879259188e-10
2.0,0.7,WEAT,4.3257103181639027e-10
2.0,0.7,WMT,0.09114884315393401
2.0,0.7,XOM,0.029380182348170473
2.0,1.0,AAPL,0.03219865146402231
2.0,1.0,AGG,0.02431003263259128
2.0,1.0,AMZN,0.018175638152152847
2.0,1.0,BAC,0.010508330339682449
2.0,1.0,BND,0.023474899536961896
2.0,1.0,BNDX,0.037257200871457175
2.0,1.0,CORN,0.026128795778867262
2.0,1.0,CSCO,0.016841945933293148
2.0,1.0,DBA,0.08918978529826968
2.0,1.0,DBC,0.03308667999004692
2.0,1.0,DIA,0.0320233775943933
2.0,1.0,DIS,1.4543811132822844e-09
2.0,1.0,EEM,0.008029473581935509
2.0,1.0,EFA,0.01594899081862932
2.0,1.0,EMB,1.8194949516162617e-07
2.0,1.0,GLD,0.0615904928447804
2.0,1.0,GOOGL,0.031038033919722253
2.0,1.0,HD,0.02254717615870403
2.0,1.0,HYG,0.04452839697375901
2.0,1.0,IEF,2.4859864023225116e-08
2.0,1.0,IWM,0.014219605467439143
2.0,1.0,JNJ,0.014011106569739123
2.0,1.0,JPM,0.0226448078660153
2.0,1.0,KO,0.016520033406433467
2.0,1.0,LQD,0.0029377987315024547
2.0,1.0,MA,0.017184073376777652
2.0,1.0,META,0.016986968636630025
2.0,1.0,MSFT,0.043050908698437196
2.0,1.0,MUB,0.07039697228672234
2.0,1.0,PALL,-1.0692446076505764e-10
2.0,1.0,PFE,0.0031098411578963166
2.0,1.0,PG,0.033533581553446976
2.0,1.0,QQQ,0.040068724681624465
2.0,1.0,SLV,0.012574756076310357
2.0,1.0,SPY,0.0411901429305098
2.0,1.0,TLT,-1.5259595825376474e-10
2.0,1.0,TSLA,0.011973575556295604
2.0,1.0,UNG,6.686915285825723e-10
2.0,1.0,USO,0.004665894452873451
2.0,1.0,V,0.02075890932791998
2.0,1.0,VNQ,0.006105917081942086
2.0,1.0,WEAT,0.0033560990874027395
2.0,1.0,WMT,0.05883672005893692
2.0,1.0,XOM,0.018995452519832933
3.0,0.1,AAPL,0.11764586982835022
3.0,0.1,AGG,-2.4702638426817587e-09
3.0,0.1,AMZN,3.6593355940308812e-09
3.0,0.1,BAC,1.759392792306825e-09
3.0,0.1,BND,-2.4597703791828296e-09
3.0,0.1,BNDX,-2.9516910605482904e-09
3.0,0.1,CORN,3.662392601157366e-09
3.0,0.1,CSCO,2.3292781349245588e-09
3.0,0.1,DBA,0.0041261905241760915
3.0,0.1,DBC,5.391330375344814e-09
3.0,0.1,DIA,1.5175484957501999e-09
3.0,0.1,DIS,2.1702717676531226e-10
3.0,0.1,EEM,6.703352351830742e-11
3.0,0.1,EFA,3.831402867293259e-10
3.0,0.1,EMB,-6.96829764348758e-10
3.0,0.1,GLD,2.116462741710571e-08
3.0,0.1,GOOGL,0.10368004883430174
3.0,0.1,HD,4.529814297132482e-09
3.0,0.1,HYG,-8.11148419332752e-10
3.0,0.1,IEF,-1.8700359993764893e-09
3.0,0.1,IWM,9.084883771927442e-10
3.0,0.1,JNJ,4.4519348650657275e-10
3.0,0.1,JPM,0.0026522660433131763
3.0,0.1,KO,1.090807772937979e-09
3.0,0.1,LQD,-1.020692982544739e-09
3.0,0.1,MA,2.3134842573053997e-09
3.0,0.1,META,0.10614689610165841
3.0,0.1,MSFT,0.06657512621977864
3.0,0.1,MUB,-2.4651173777800054e-09
3.0,0.1,PALL,2.552008978779603e-12
3.0,0.1,PFE,6.755671427193273e-10
3.0,0.1,PG,3.823049500643895e-09
3.0,0.1,QQQ,6.208208487875948e-09
3.0,0.1,SLV,4.8492564794189415e-09
3.0,0.1,SPY,2.6479593690777647e-09
3.0,0.1,TLT,-6.539268749644681e-10
3.0,0.1,TSLA,0.14041758402384086
3.0,0.1,UNG,4.605390905087515e-10
3.0,0.1,USO,5.149390241199554e-09
3.0,0.1,V,2.1833557760126966e-09
3.0,0.1,VNQ,1.9998188362663677e-10
3.0,0.1,WEAT,1.1413139337280652e-09
3.0,0.1,WMT,0.31949359952230316
3.0,0.1,XOM,0.13926235772334736
3.0,0.4,AAPL,0.07182764169406597
3.0,0.4,AGG,-1.5861584133031414e-08
3.0,0.4,AMZN,0.02459539336373788
3.0,0.4,BAC,2.9824167662773976e-07
3.0,0.4,BND,-1.5817238783876412e-08
3.0,0.4,BNDX,-1.907449061327515e-08
3.0,0.4,CORN,0.014723874451807385
3.0,0.4,CSCO,0.004724818153091773
3.0,0.4,DBA,0.1482372217728481
3.0,0.4,DBC,0.03111755488793991
3.0,0.4,DIA,0.0024996297058614042
3.0,0.4,DIS,2.1602666646151533e-09
3.0,0.4,EEM,4.1551695567841144e-09
3.0,0.4,EFA,1.1810690494414196e-08
3.0,0.4,EMB,-3.913605263835243e-09
3.0,0.4,GLD,0.08736982155902542
3.0,0.4,GOOGL,0.06343629568934349
3.0,0.4,HD,0.02826770821331645
3.0,0.4,HYG,2.481327486257808e-09
3.0,0.4,IEF,-1.2533381247088669e-08
3.0,0.4,IWM,3.818805886463636e-08
3.0,0.4,JNJ,1.255653039406211e-08
3.0,0.4,JPM,0.04005683206497986
3.0,0.4,KO,2.631461174611891e-08
3.0,0.4,LQD,-5.922562966818019e-09
3.0,0.4,MA,0.008903251264531365
3.0,0.4,META,0.0390078665282454
3.0,0.4,MSFT,0.08391005826951935
3.0,0.4,MUB,-1.303894753080988e-08
3.0,0.4,PALL,-1.1205431761314093e-09
3.0,0.4,PFE,8.469240477084783e-09
3.0,0.4,PG,0.02194669516152388
3.0,0.4,QQQ,0.06126772879187767
3.0,0.4,SLV,0.008487041749792736
3.0,0.4,SPY,0.036405844164608875
3.0,0.4,TLT,-5.412795412019698e-09
3.0,0.4,TSLA,0.03547244857190944
3.0,0.4,UNG,4.492454295373394e-09
3.0,0.4,USO,0.0016498673870106138
3.0,0.4,V,0.007059590796290749
3.0,0.4,VNQ,5.121527682095097e-09
3.0,0.4,WEAT,1.1731968840547302e-08
3.0,0.4,WMT,0.13455177423312753
3.0,0.4,XOM,0.04448070798367708
3.0,0.7,AAPL,0.047117432266032946
3.0,0.7,AGG,1.1932590646405079e-08
3.0,0.7,AMZN,0.02374024741433229
3.0,0.7,BAC,0.008984146554531518
3.0,0.7,BND,1.0045470374352429e-08
3.0,0.7,BNDX,2.021693780742643e-08
3.0,0.7,CORN,0.03450884148712813
3.0,0.7,CSCO,0.018284971290398647
3.0,0.7,DBA,0.13013627579254763
3.0,0.7,DBC,0.04201575624033818
3.0,0.7,DIA,0.03270934205070733
3.0,0.7,DIS,1.6043086778093357e-09
3.0,0.7,EEM,3.9599596804935086e-08
3.0,0.7,EFA,0.0031330979049357843
3.0,0.7,EMB,-7.422382957666539e-12
3.0,0.7,GLD,0.08944721859376165
3.0,0.7,GOOGL,0.044792373044228354
3.0,0.7,HD,0.02871329541531288
3.0,0.7,HYG,0.014359186167905182
3.0,0.7,IEF,-1.0300347997978353e-09
3.0,0.7,IWM,0.010082665221877948
3.0,0.7,JNJ,0.003903466044927012
3.0,0.7,JPM,0.03072445528701389
3.0,0.7,KO,0.010112704222902169
3.0,0.7,LQD,2.2599189945546716e-09
3.0,0.7,MA,0.018033424630417842
3.0,0.7,META,0.02522089899136603
3.0,0.7,MSFT,0.06201226659553418
3.0,0.7,MUB,2.6199213705259517e-05
3.0,0.7,PALL,-2.575599761505773e-09
3.0,0.7,PFE,6.677603629102195e-08
3.0,0.7,PG,0.04123898158746569
3.0,0.7,QQQ,0.05334722880567235
3.0,0.7,SLV,0.014211318661809521
3.0,0.7,SPY,0.049031836543203776
3.0,0.7,TLT,-5.796549515176802e-09
3.0,0.7,TSLA,0.019079921562671198
3.0,0.7,UNG,6.205574833028944e-09
3.0,0.7,USO,0.00480955533027625
3.0,0.7,V,0.02170101204288877
3.0,0.7,VNQ,2.8474262523818037e-08
3.0,0.7,WEAT,4.5432098438801846e-07
3.0,0.7,WMT,0.09029144879980185
3.0,0.7,XOM,0.028229800380543422
3.0,1.0,AAPL,0.02852913732938875
3.0,1.0,AGG,0.038067074771928715
3.0,1.0,AMZN,0.015990017813165273
3.0,1.0,BAC,0.008743142056552867
3.0,1.0,BND,0.0366691681386291
3.0,1.0,BNDX,0.05554254412862836
3.0,1.0,CORN,0.026366693237745216
3.0,1.0,CSCO,0.015132396816013886
3.0,1.0,DBA,0.0851326938757186
3.0,1.0,DBC,0.03125192348105175
3.0,1.0,DIA,0.028185038784458803
3.0,1.0,DIS,3.165312618415793e-08
3.0,1.0,EEM,0.0066854568016115785
3.0,1.0,EFA,0.013349864858535258
3.0,1.0,EMB,1.4093956257066543e-05
3.0,1.0,GLD,0.05918373365322492
3.0,1.0,GOOGL,0.027770789809888466
3.0,1.0,HD,0.019842182947773165
3.0,1.0,HYG,0.044147791371493154
3.0,1.0,IEF,0.010226459897681898
3.0,1.0,IWM,0.011896537007103285
3.0,1.0,JNJ,0.01380048004729016
3.0,1.0,JPM,0.020103739618380075
3.0,1.0,KO,0.015095689123334874
3.0,1.0,LQD,0.005143698563677729
3.0,1.0,MA,0.014762403376070352
3.0,1.0,META,0.01503641436840989
3.0,1.0,MSFT,0.038740704086147416
3.0,1.0,MUB,0.08363599572935103
3.0,1.0,PALL,-1.469494271459172e-09
3.0,1.0,PFE,0.003078398182484767
3.0,1.0,PG,0.03146798330477443
3.0,1.0,QQQ,0.03539035072398541
3.0,1.0,SLV,0.011027190543733675
3.0,1.0,SPY,0.03628554315561798
3.0,1.0,TLT,-1.1085303845531299e-10
3.0,1.0,TSLA,0.010534627001382383
3.0,1.0,UNG,4.3648542134384506e-08
3.0,1.0,USO,0.004261114575551121
3.0,1.0,V,0.01820284966990353
3.0,1.0,VNQ,0.004209777043828983
3.0,1.0,WEAT,0.004740271920719208
3.0,1.0,WMT,0.05448465585033776
3.0,1.0,XOM,0.01727129785792962
4.0,0.1,AAPL,0.09460872461742281
4.0,0.1,AGG,-1.455311400335178e-08
4.0,0.1,AMZN,2.4433766443673254e-08
4.0,0.1,BAC,1.09371592035183e-08
4.0,0.1,BND,-1.4539277373294996e-08
4.0,0.1,BNDX,-1.76735369080997e-08
4.0,0.1,CORN,3.4626970519396335e-08
4.0,0.1,CSCO,1.709373734834161e-08
4.0,0.1,DBA,0.12561588280339547
4.0,0.1,DBC,4.43314033294837e-08
4.0,0.1,DIA,1.0789116643169534e-08
4.0,0.1,DIS,1.2227677362891668e-09
4.0,0.1,EEM,9.041904328002101e-10
4.0,0.1,EFA,2.840474062513238e-09
4.0,0.1,EMB,-3.9722799949545695e-09
4.0,0.1,GLD,0.024242505704518528
4.0,0.1,GOOGL,0.09020153677751615
4.0,0.1,HD,3.424025478474873e-08
4.0,0.1,HYG,-3.789133311274381e-09
4.0,0.1,IEF,-1.0710377903509991e-08
4.0,0.1,IWM,6.162715069103812e-09
4.0,0.1,JNJ,4.1917592490710635e-09
4.0,0.1,JPM,0.005102838700860982
4.0,0.1,KO,8.198182816183377e-09
4.0,0.1,LQD,-5.73041193527569e-09
4.0,0.1,MA,1.494156557467931e-08
4.0,0.1,META,0.08014908792487331
4.0,0.1,MSFT,0.07013159613345692
4.0,0.1,MUB,-1.3820207621657654e-08
4.0,0.1,PALL,3.674593751685566e-10
4.0,0.1,PFE,5.275661686082918e-09
4.0,0.1,PG,3.121977984712344e-08
4.0,0.1,QQQ,4.320057149826917e-08
4.0,0.1,SLV,3.1078673945059403e-08
4.0,0.1,SPY,1.8191989235701163e-08
4.0,0.1,TLT,-3.664701876170178e-09
4.0,0.1,TSLA,0.10530285666750833
4.0,0.1,UNG,3.0751726099544878e-09
4.0,0.1,USO,3.555572424944129e-08
4.0,0.1,V,1.478918609664549e-08
4.0,0.1,VNQ,1.4039249925588784e-09
4.0,0.1,WEAT,9.597376914132643e-09
4.0,0.1,WMT,0.28853947614412473
4.0,0.1,XOM,0.11610517380160212
4.0,0.4,AAPL,0.0647794486431532
4.0,0.4,AGG,-6.429615482614771e-10
4.0,0.4,AMZN,0.021028033688885308
4.0,0.4,BAC,5.317004833220754e-09
4.0,0.4,BND,-6.526259721476603e-10
4.0,0.4,BNDX,-8.083102466278295e-10
4.0,0.4,CORN,0.0270073349608101
4.0,0.4,CSCO,0.005468020880324565
4.0,0.4,DBA,0.16309785509572264
4.0,0.4,DBC,0.03620843561205428
4.0,0.4,DIA,0.0013273110202334727
4.0,0.4,DIS,1.2400708346791823e-10
4.0,0.4,EEM,3.437966264018897e-10
4.0,0.4,EFA,7.991487386266568e-10
4.0,0.4,EMB,-1.354957866987593e-10
4.0,0.4,GLD,0.10456631462269945
4.0,0.4,GOOGL,0.058612444928813415
4.0,0.4,HD,0.026202778563126063
4.0,0.4,HYG,6.151448237303303e-10
4.0,0.4,IEF,-4.914993053439694e-10
4.0,0.4,IWM,2.105218302951452e-09
4.0,0.4,JNJ,1.1753451108596987e-09
4.0,0.4,JPM,0.037504893186824775
4.0,0.4,KO,2.052560230650414e-09
4.0,0.4,LQD,-1.9194385369709553e-10
4.0,0.4,MA,0.005810178293780009
4.0,0.4,META,0.03500454027928214
4.0,0.4,MSFT,0.07872911289047774
4.0,0.4,MUB,-2.0697487704889165e-10
4.0,0.4,PALL,-1.9555673821080965e-11
4.0,0.4,PFE,6.914773294933503e-10
4.0,0.4,PG,0.02820988599357808
4.0,0.4,QQQ,0.05473461683814015
4.0,0.4,SLV,0.006149652842180224
4.0,0.4,SPY,0.03154487760363724
4.0,0.4,TLT,-2.457893647940611e-10
4.0,0.4,TSLA,0.0313969307719676
4.0,0.4,UNG,3.169263025809073e-10
4.0,0.4,USO,0.0018959138427806076
4.0,0.4,V,0.0054305056834728594
4.0,0.4,VNQ,3.301128928766201e-10
4.0,0.4,WEAT,1.2127792681327918e-09
4.0,0.4,WMT,0.13251782239330323
4.0,0.4,XOM,0.04277307885700241
4.0,0.7,AAPL,0.04212576026744111
4.0,0.7,AGG,2.6326230436731084e-07
4.0,0.7,AMZN,0.02105386567378837
4.0,0.7,BAC,0.006885724584002349
4.0,0.7,BND,2.0272545153685285e-07
4.0,0.7,BNDX,8.459850203299098e-07
4.0,0.7,CORN,0.037052385451794075
4.0,0.7,CSCO,0.01683328824119639
4.0,0.7,DBA,0.1288067660959464
4.0,0.7,DBC,0.041174661453382944
4.0,0.7,DIA,0.02902152181499111
4.0,0.7,DIS,4.792595234959631e-11
4.0,0.7,EEM,6.745504710147165e-08
4.0,0.7,EFA,0.001451038155448526
4.0,0.7,EMB,2.590512293947002e-09
4.0,0.7,GLD,0.09019087006881726
4.0,0.7,GOOGL,0.040657159861057154
4.0,0.7,HD,0.025651764239311998
4.0,0.7,HYG,0.024616680387042254
4.0,0.7,IEF,4.9071564680505824e-08
4.0,0.7,IWM,0.007711742231341733
4.0,0.7,JNJ,0.006587753799672273
4.0,0.7,JPM,0.027723772757618368
4.0,0.7,KO,0.009960459311364866
4.0,0.7,LQD,1.7382562685128708e-08
4.0,0.7,MA,0.015179386686617294
4.0,0.7,META,0.022519214382850018
4.0,0.7,MSFT,0.05679632613887342
4.0,0.7,MUB,0.05004698798768121
4.0,0.7,PALL,-4.4607565767483e-09
4.0,0.7,PFE,1.8737097541852793e-07
4.0,0.7,PG,0.04048334301129808
4.0,0.7,QQQ,0.04762614410457937
4.0,0.7,SLV,0.0122643676293664
4.0,0.7,SPY,0.04353716365503212
4.0,0.7,TLT,-9.339667406646902e-09
4.0,0.7,TSLA,0.01684752911849431
4.0,0.7,UNG,8.772550263686787e-09
4.0,0.7,USO,0.004397973056327586
4.0,0.7,V,0.01903507682906284
4.0,0.7,VNQ,2.9393686403685938e-08
4.0,0.7,WEAT,0.002072233672011557
4.0,0.7,WMT,0.0855108751562089
4.0,0.7,XOM,0.026176502876084307
4.0,1.0,AAPL,0.025934582746788004
4.0,1.0,AGG,0.047601519738219134
4.0,1.0,AMZN,0.014409753822326274
4.0,1.0,BAC,0.007432271264450651
4.0,1.0,BND,0.04578431354505255
4.0,1.0,BNDX,0.06855170204382452
4.0,1.0,CORN,0.02673780833311301
4.0,1.0,CSCO,0.013900589651621643
4.0,1.0,DBA,0.08260786563894246
4.0,1.0,DBC,0.03006890132023392
4.0,1.0,DIA,0.025368921795990804
4.0,1.0,DIS,3.0289584743938695e-09
4.0,1.0,EEM,0.0055006905171138655
4.0,1.0,EFA,0.01127663636781925
4.0,1.0,EMB,2.110030671260218e-06
4.0,1.0,GLD,0.057635480597079916
4.0,1.0,GOOGL,0.02546780512595952
4.0,1.0,HD,0.017870406185561665
4.0,1.0,HYG,0.043709730620716876
4.0,1.0,IEF,0.018611078907864807
4.0,1.0,IWM,0.010144368361594915
4.0,1.0,JNJ,0.013651483572502045
4.0,1.0,JPM,0.018308859076558846
4.0,1.0,KO,0.014016336795447016
4.0,1.0,LQD,0.006254129603992629
4.0,1.0,MA,0.012979265453564268
4.0,1.0,META,0.013653746909993002
4.0,1.0,MSFT,0.03569798361257585
4.0,1.0,MUB,0.09315998162843306
4.0,1.0,PALL,-5.182812161105987e-11
4.0,1.0,PFE,0.003017752964860047
4.0,1.0,PG,0.03004517906292026
4.0,1.0,QQQ,0.03202585981238327
4.0,1.0,SLV,0.009868520863154179
4.0,1.0,SPY,0.03272422462235101
4.0,1.0,TLT,6.578193020485991e-11
4.0,1.0,TSLA,0.009534289431574548
4.0,1.0,UNG,1.1313549769289032e-08
4.0,1.0,USO,0.003983301384797647
4.0,1.0,V,0.016337200805443333
4.0,1.0,VNQ,0.0026446293991657524
4.0,1.0,WEAT,0.005772295102477926
4.0,1.0,WMT,0.05159761568100704
4.0,1.0,XOM,0.016110792535194852
5.0,0.1,AAPL,0.0771559607222052
5.0,0.1,AGG,-6.094614224467189e-09
5.0,0.1,AMZN,8.938736101283935e-09
5.0,0.1,BAC,4.152267739443769e-09
5.0,0.1,BND,-6.125301300397892e-09
5.0,0.1,BNDX,-7.387282319586205e-09
5.0,0.1,CORN,2.252907633727823e-08
5.0,0.1,CSCO,7.427866360334836e-09
5.0,0.1,DBA,0.17674980752600458
5.0,0.1,DBC,2.7737532887164958e-08
5.0,0.1,DIA,4.305473257911607e-09
5.0,0.1,DIS,7.412760418609816e-11
5.0,0.1,EEM,-6.980705886880902e-11
5.0,0.1,EFA,7.202376226741669e-10
5.0,0.1,EMB,-1.99615844949256e-09
5.0,0.1,GLD,0.08168750484698761
5.0,0.1,GOOGL,0.07719884495676278
5.0,0.1,HD,1.860707237259195e-08
5.0,0.1,HYG,-1.67755727833608e-09
5.0,0.1,IEF,-4.351360378112643e-09
5.0,0.1,IWM,2.1376424418714277e-09
5.0,0.1,JNJ,1.4883814653320832e-09
5.0,0.1,JPM,0.005934100087432708
5.0,0.1,KO,3.1476009153195624e-09
5.0,0.1,LQD,-2.6442861052563905e-09
5.0,0.1,MA,5.910218333657518e-09
5.0,0.1,META,0.06324560023390635
5.0,0.1,MSFT,0.06724814608985098
5.0,0.1,MUB,-5.44438732439052e-09
5.0,0.1,PALL,-1.0895299683751151e-10
5.0,0.1,PFE,1.862842195105622e-09
5.0,0.1,PG,1.5104947165961996e-08
5.0,0.1,QQQ,2.0369408532303274e-08
5.0,0.1,SLV,1.1515988684211897e-08
5.0,0.1,SPY,7.4129335210637145e-09
5.0,0.1,TLT,-1.672035957136071e-09
5.0,0.1,TSLA,0.08544733154973115
5.0,0.1,UNG,9.349662407213728e-10
5.0,0.1,USO,2.4150478690045818e-08
5.0,0.1,V,6.0123074920669085e-09
5.0,0.1,VNQ,1.2874776205502044e-10
5.0,0.1,WEAT,4.010386915998986e-09
5.0,0.1,WMT,0.2626594918968159
5.0,0.1,XOM,0.10267305047079554
5.0,0.4,AAPL,0.0595803559399228
5.0,0.4,AGG,-9.646581575251488e-09
5.0,0.4,AMZN,0.018282159870066976
5.0,0.4,BAC,8.093459694070796e-08
5.0,0.4,BND,-1.0418735489210331e-08
5.0,0.4,BNDX,-1.270954390858374e-08
5.0,0.4,CORN,0.03641061790305527
5.0,0.4,CSCO,0.005835678100457437
5.0,0.4,DBA,0.17512830426877088
5.0,0.4,DBC,0.039722033442386215
5.0,0.4,DIA,4.212396068499124e-05
5.0,0.4,DIS,1.655185415904476e-09
5.0,0.4,EEM,7.676014412873389e-09
5.0,0.4,EFA,1.7538256966488512e-08
5.0,0.4,EMB,-3.541910639930674e-09
5.0,0.4,GLD,0.11888040105837067
5.0,0.4,GOOGL,0.05509253819966685
5.0,0.4,HD,0.02465245140826965
5.0,0.4,HYG,2.487456504642691e-08
5.0,0.4,IEF,-7.112047971693106e-09
5.0,0.4,IWM,4.303294283345734e-08
5.0,0.4,JNJ,3.647052213250863e-08
5.0,0.4,JPM,0.03561102500233897
5.0,0.4,KO,5.4606582783129195e-08
5.0,0.4,LQD,-3.3524611401346157e-09
5.0,0.4,MA,0.0029874351539118504
5.0,0.4,META,0.03199817089539083
5.0,0.4,MSFT,0.07506854060689046
5.0,0.4,MUB,1.3614437070322762e-08
5.0,0.4,PALL,-4.5742160649334827e-10
5.0,0.4,PFE,1.8763367845113837e-08
5.0,0.4,PG,0.03270950477130764
5.0,0.4,QQQ,0.049738522750177525
5.0,0.4,SLV,0.0036700068342632327
5.0,0.4,SPY,0.02725733969181866
5.0,0.4,TLT,-5.810120512759413e-09
5.0,0.4,TSLA,0.028410072382831175
5.0,0.4,UNG,7.622994133754428e-09
5.0,0.4,USO,0.0018875129048974695
5.0,0.4,V,0.0037585097087324986
5.0,0.4,VNQ,6.142685220841133e-09
5.0,0.4,WEAT,4.3399402440856634e-08
5.0,0.4,WMT,0.13165759336596347
5.0,0.4,XOM,0.04161879751031263
5.0,0.7,AAPL,0.037696363117018246
5.0,0.7,AGG,0.004982953762237303
5.0,0.7,AMZN,0.018628208199629376
5.0,0.7,BAC,0.005184184190953506
5.0,0.7,BND,0.0009161420117739675
5.0,0.7,BNDX,0.02327711163080675
5.0,0.7,CORN,0.037927832498657
5.0,0.7,CSCO,0.015375306265028331
5.0,0.7,DBA,0.12468275668411577
5.0,0.7,DBC,0.03957962523003691
5.0,0.7,DIA,0.0255499357718439
5.0,0.7,DIS,2.370229388873285e-09
5.0,0.7,EEM,3.571638634868114e-08
5.0,0.7,EFA,8.206697122803053e-06
5.0,0.7,EMB,9.601515172768374e-09
5.0,0.7,GLD,0.08820668203048394
5.0,0.7,GOOGL,0.03682330303270583
5.0,0.7,HD,0.02279053665080899
5.0,0.7,HYG,0.029792879911167705
5.0,0.7,IEF,1.1274719987706118e-07
5.0,0.7,IWM,0.0057080440159026765
5.0,0.7,JNJ,0.00810588183243336
5.0,0.7,JPM,0.024991429545236137
5.0,0.7,KO,0.009369240409375831
5.0,0.7,LQD,2.640058711682361e-08
5.0,0.7,MA,0.012748827117900293
5.0,0.7,META,0.02012659853181547
5.0,0.7,MSFT,0.05178814784133521
5.0,0.7,MUB,0.08100870882570009
5.0,0.7,PALL,-1.6246609863735626e-11
5.0,0.7,PFE,9.723027850358752e-08
5.0,0.7,PG,0.03884044998439781
5.0,0.7,QQQ,0.04242860629472029
5.0,0.7,SLV,0.010477055840760112
5.0,0.7,SPY,0.03850038390370825
5.0,0.7,TLT,-6.700106540009579e-10
5.0,0.7,TSLA,0.014967943813053127
5.0,0.7,UNG,8.913678262662407e-09
5.0,0.7,USO,0.0040036639035845745
5.0,0.7,V,0.016636259502747674
5.0,0.7,VNQ,1.6739032919661273e-08
5.0,0.7,WEAT,0.004352660067254645
5.0,0.7,WMT,0.08031809932657125
5.0,0.7,XOM,0.024205661708320392
5.0,1.0,AAPL,0.023956954361240325
5.0,1.0,AGG,0.05487568909038704
5.0,1.0,AMZN,0.013178933330599527
5.0,1.0,BAC,0.006384984005272893
5.0,1.0,BND,0.052718813955712464
5.0,1.0,BNDX,0.07872485363311613
5.0,1.0,CORN,0.02718944114653765
5.0,1.0,CSCO,0.012948639045185204
5.0,1.0,DBA,0.0809706494475702
5.0,1.0,DBC,0.02926340609897248
5.0,1.0,DIA,0.023149409876507498
5.0,1.0,DIS,6.8937864918295e-10
5.0,1.0,EEM,0.004422434182406811
5.0,1.0,EFA,0.009517947021878121
5.0,1.0,EMB,2.7413399550617166e-07
5.0,1.0,GLD,0.05659675726608741
5.0,1.0,GOOGL,0.023719733705790336
5.0,1.0,HD,0.016324388403697158
5.0,1.0,HYG,0.04329734928625793
5.0,1.0,IEF,0.024926499543950854
5.0,1.0,IWM,0.00872657577367877
5.0,1.0,JNJ,0.013554415981329742
5.0,1.0,JPM,0.016945665392447823
5.0,1.0,KO,0.013144805274348529
5.0,1.0,LQD,0.0067952175708643064
5.0,1.0,MA,0.011565822406589219
5.0,1.0,META,0.012597284106901545
5.0,1.0,MSFT,0.03338555674904898
5.0,1.0,MUB,0.10072558089455022
5.0,1.0,PALL,2.5922297685352904e-11
5.0,1.0,PFE,0.0029485739363271516
5.0,1.0,PG,0.029000004708938616
5.0,1.0,QQQ,0.029419969330060393
5.0,1.0,SLV,0.008933501632641928
5.0,1.0,SPY,0.02994159552406535
5.0,1.0,TLT,1.8345591056555435e-10
5.0,1.0,TSLA,0.008784101969097307
5.0,1.0,UNG,5.911387804105455e-09
5.0,1.0,USO,0.0037782149560724896
5.0,1.0,V,0.01487276384352962
5.0,1.0,VNQ,0.0012790665329609245
5.0,1.0,WEAT,0.006607293484036899
5.0,1.0,WMT,0.04955284387564348
5.0,1.0,XOM,0.015273981657326978
6.0,0.1,AAPL,0.06479857464841325
6.0,0.1,AGG,-2.5045306130933902e-09
6.0,0.1,AMZN,5.838994861989106e-09
6.0,0.1,BAC,2.5577081922211986e-09
6.0,0.1,BND,-2.5414290677701636e-09
6.0,0.1,BNDX,-3.2188369110676537e-09
6.0,0.1,CORN,1.860415541861915e-08
6.0,0.1,CSCO,4.942069283020965e-09
6.0,0.1,DBA,0.21145359298416416
6.0,0.1,DBC,1.5453367711254023e-08
6.0,0.1,DIA,3.0110622571290905e-09
6.0,0.1,DIS,2.779870533916454e-10
6.0,0.1,EEM,4.5077180904264404e-10
6.0,0.1,EFA,8.737757360882744e-10
6.0,0.1,EMB,-6.208672201923119e-10
6.0,0.1,GLD,0.12066889223212655
6.0,0.1,GOOGL,0.06822689663282323
6.0,0.1,HD,1.0191624651121602e-08
6.0,0.1,HYG,-4.156329227108999e-11
6.0,0.1,IEF,-1.6337915177508127e-09
6.0,0.1,IWM,1.6686238896379924e-09
6.0,0.1,JNJ,1.653177575346331e-09
6.0,0.1,JPM,0.005667763196499755
6.0,0.1,KO,2.379804562575478e-09
6.0,0.1,LQD,-8.374048129432613e-10
6.0,0.1,MA,3.6080325437393268e-09
6.0,0.1,META,0.05170824916449687
6.0,0.1,MSFT,0.06500378813206227
6.0,0.1,MUB,-1.8131450852656873e-09
6.0,0.1,PALL,2.9635120479775336e-10
6.0,0.1,PFE,1.719001720884741e-09
6.0,0.1,PG,9.933882352759017e-09
6.0,0.1,QQQ,1.1090735537551892e-08
6.0,0.1,SLV,5.340453012458866e-09
6.0,0.1,SPY,4.704998763668705e-09
6.0,0.1,TLT,-5.253808042302846e-10
6.0,0.1,TSLA,0.07244618945517094
6.0,0.1,UNG,8.933566310965186e-10
6.0,0.1,USO,1.0628202665382107e-08
6.0,0.1,V,3.855382408415415e-09
6.0,0.1,VNQ,4.3367881009723164e-10
6.0,0.1,WEAT,3.4755885728355628e-09
6.0,0.1,WMT,0.2459994680018621
6.0,0.1,XOM,0.0940264751323031
6.0,0.4,AAPL,0.055433764761321336
6.0,0.4,AGG,1.5938475030603935e-08
6.0,0.4,AMZN,0.016041935819390053
6.0,0.4,BAC,7.728108977088631e-08
6.0,0.4,BND,1.3189841871782094e-08
6.0,0.4,BNDX,1.687503207302744e-08
6.0,0.4,CORN,0.04400179910512019
6.0,0.4,CSCO,0.0059798415892457915
6.0,0.4,DBA,0.1851355399719624
6.0,0.4,DBC,0.042231599890831445
6.0,0.4,DIA,1.31719164457621e-06
6.0,0.4,DIS,3.0793756069638553e-09
6.0,0.4,EEM,1.422514495392378e-08
6.0,0.4,EFA,2.597610925408571e-08
6.0,0.4,EMB,1.7675344100981934e-09
6.0,0.4,GLD,0.13129137713649627
6.0,0.4,GOOGL,0.05230631595032817
6.0,0.4,HD,0.023395875933175964
6.0,0.4,HYG,6.439754988748685e-08
6.0,0.4,IEF,1.3589992662114975e-08
6.0,0.4,IWM,5.277517227463073e-08
6.0,0.4,JNJ,6.812230490837056e-08
6.0,0.4,JPM,0.034061841735600465
6.0,0.4,KO,8.187877350179963e-08
6.0,0.4,LQD,6.3611102027733036e-09
6.0,0.4,MA,0.0003545332056375683
6.0,0.4,META,0.029555929751335024
6.0,0.4,MSFT,0.07223995926956898
6.0,0.4,MUB,1.0065710218162121e-07
6.0,0.4,PALL,2.185452436959247e-09
6.0,0.4,PFE,3.1646706775978104e-08
6.0,0.4,PG,0.03607208765259446
6.0,0.4,QQQ,0.04565263129419018
6.0,0.4,SLV,0.001089576943948215
6.0,0.4,SPY,0.02331074817503918
6.0,0.4,TLT,-1.808051162110025e-09
6.0,0.4,TSLA,0.026041182379460365
6.0,0.4,UNG,1.1468250451352659e-08
6.0,0.4,USO,0.001732458300579162
6.0,0.4,V,0.0020930910046864978
6.0,0.4,VNQ,9.938517112415831e-09
6.0,0.4,WEAT,9.183911710273663e-08
6.0,0.4,WMT,0.13125396105105328
6.0,0.4,XOM,0.04072192942656472
6.0,0.7,AAPL,0.03357640687988052
6.0,0.7,AGG,0.02169645538590257
6.0,0.7,AMZN,0.016333244552436038
6.0,0.7,BAC,0.003820471186001639
6.0,0.7,BND,0.01727084402170038
6.0,0.7,BNDX,0.04507944576450965
6.0,0.7,CORN,0.03756583036639944
6.0,0.7,CSCO,0.01387495172753437
6.0,0.7,DBA,0.11819703111461706
6.0,0.7,DBC,0.03746992423822384
6.0,0.7,DIA,0.022233566966928887
6.0,0.7,DIS,4.976068219349498e-10
6.0,0.7,EEM,7.166619668606045e-09
6.0,0.7,EFA,2.086082872169415e-07
6.0,0.7,EMB,2.454272512803418e-09
6.0,0.7,GLD,0.08377353212666155
6.0,0.7,GOOGL,0.03308487263306899
6.0,0.7,HD,0.020000465535549582
6.0,0.7,HYG,0.030990442086816932
6.0,0.7,IEF,6.900851634369681e-07
6.0,0.7,IWM,0.004000322671195345
6.0,0.7,JNJ,0.008748302825655432
6.0,0.7,JPM,0.022380949050316113
6.0,0.7,KO,0.00851882163410136
6.0,0.7,LQD,7.317360314573181e-09
6.0,0.7,MA,0.010649735489827962
6.0,0.7,META,0.01787180656350493
6.0,0.7,MSFT,0.04672718548005445
6.0,0.7,MUB,0.09560979663278958
6.0,0.7,PALL,1.378406759379488e-10
6.0,0.7,PFE,4.8048806821867764e-08
6.0,0.7,PG,0.03646885189234163
6.0,0.7,QQQ,0.03748092954215106
6.0,0.7,SLV,0.008864926386731219
6.0,0.7,SPY,0.03374050595280043
6.0,0.7,TLT,1.0114011198056863e-10
6.0,0.7,TSLA,0.013306609481107219
6.0,0.7,UNG,2.338855791349068e-09
6.0,0.7,USO,0.003679041142032103
6.0,0.7,V,0.014444301419086137
6.0,0.7,VNQ,3.1932883955387016e-09
6.0,0.7,WEAT,0.005732315739894883
6.0,0.7,WMT,0.07456276255232452
6.0,0.7,XOM,0.022244380883566384
6.0,1.0,AAPL,0.02236615397886853
6.0,1.0,AGG,0.06072833071206021
6.0,1.0,AMZN,0.012167979115479371
6.0,1.0,BAC,0.005507385156109219
6.0,1.0,BND,0.05828410129722941
6.0,1.0,BNDX,0.08710890631967075
6.0,1.0,CORN,0.027681780421950224
6.0,1.0,CSCO,0.012174290942669908
6.0,1.0,DBA,0.07986937960367975
6.0,1.0,DBC,0.028690622081637616
6.0,1.0,DIA,0.021309891847454097
6.0,1.0,DIS,9.910082978635816e-09
6.0,1.0,EEM,0.003417739702863226
6.0,1.0,EFA,0.007963559290936107
6.0,1.0,EMB,1.065529206162989e-06
6.0,1.0,GLD,0.05586404345170289
6.0,1.0,GOOGL,0.022319365401186654
6.0,1.0,HD,0.015047884754812111
6.0,1.0,HYG,0.042907760147994446
6.0,1.0,IEF,0.02993723569965083
6.0,1.0,IWM,0.007524857164074493
6.0,1.0,JNJ,0.013493526256813266
6.0,1.0,JPM,0.015856151896586398
6.0,1.0,KO,0.012406425861123045
6.0,1.0,LQD,0.006987986812714527
6.0,1.0,MA,0.010387761399876348
6.0,1.0,META,0.011745645112953392
6.0,1.0,MSFT,0.03152898604791012
6.0,1.0,MUB,0.10704993502880183
6.0,1.0,PALL,2.6405219786208004e-09
6.0,1.0,PFE,0.0028767685280728715
6.0,1.0,PG,0.028188312733331066
6.0,1.0,QQQ,0.027291823290221232
6.0,1.0,SLV,0.008138352994429459
6.0,1.0,SPY,0.027651760456833117
6.0,1.0,TLT,7.972785678672567e-09
6.0,1.0,TSLA,0.00819079160807608
6.0,1.0,UNG,1.1345831851161849e-07
6.0,1.0,USO,0.0036189363443282154
6.0,1.0,V,0.013663390830929946
6.0,1.0,VNQ,6.934636502502217e-05
6.0,1.0,WEAT,0.007313162879813356
6.0,1.0,WMT,0.04802826511526973
6.0,1.0,XOM,0.014640203371371355
7.0,0.1,AAPL,0.05541970639777992
7.0,0.1,AGG,-6.089754306471269e-09
7.0,0.1,AMZN,1.3353646053151931e-08
7.0,0.1,BAC,5.755576194853885e-09
7.0,0.1,BND,-6.243685316283811e-09
7.0,0.1,BNDX,-7.9222847750673e-09
7.0,0.1,CORN,6.916952651614866e-08
7.0,0.1,CSCO,1.225983930612445e-08
7.0,0.1,DBA,0.23694650048640747
7.0,0.1,DBC,4.1213324103792754e-08
7.0,0.1,DIA,7.0327721381169774e-09
7.0,0.1,DIS,3.4991975457360376e-10
7.0,0.1,EEM,7.547582131929706e-10
7.0,0.1,EFA,1.7090484477052723e-09
7.0,0.1,EMB,-1.8844911865683503e-09
7.0,0.1,GLD,0.1492959054999072
7.0,0.1,GOOGL,0.06153333353376649
7.0,0.1,HD,2.591459388358785e-08
7.0,0.1,HYG,6.095524035079924e-12
7.0,0.1,IEF,-3.828768918103745e-09
7.0,0.1,IWM,3.777081895251439e-09
7.0,0.1,JNJ,4.126317459390062e-09
7.0,0.1,JPM,0.004953645563048184
7.0,0.1,KO,5.493828454543137e-09
7.0,0.1,LQD,-2.2683866499217438e-09
7.0,0.1,MA,8.091579286106789e-09
7.0,0.1,META,0.04312148325702494
7.0,0.1,MSFT,0.0633617300418351
7.0,0.1,MUB,-3.5322065778347454e-09
7.0,0.1,PALL,6.003378669252418e-10
7.0,0.1,PFE,4.238602477428938e-09
7.0,0.1,PG,2.5559264946909754e-08
7.0,0.1,QQQ,2.6429458169460014e-08
7.0,0.1,SLV,1.0581244689219885e-08
7.0,0.1,SPY,1.0911267722912493e-08
7.0,0.1,TLT,-1.4763719920509028e-09
7.0,0.1,TSLA,0.0631908009518911
7.0,0.1,UNG,2.1283501714865024e-09
7.0,0.1,USO,2.6840996040525723e-08
7.0,0.1,V,8.946683622771034e-09
7.0,0.1,VNQ,6.543088699090688e-10
7.0,0.1,WEAT,9.38756855803452e-09
7.0,0.1,WMT,0.2342637529919686
7.0,0.1,XOM,0.08791284886160218
7.0,0.4,AAPL,0.05180497485123697
7.0,0.4,AGG,2.529143131044063e-08
7.0,0.4,AMZN,0.014161990226711779
7.0,0.4,BAC,3.0479431634278295e-08
7.0,0.4,BND,2.155221452663701e-08
7.0,0.4,BNDX,3.152364682181108e-08
7.0,0.4,CORN,0.050360230151286024
7.0,0.4,CSCO,0.006027935791520841
7.0,0.4,DBA,0.19329728677813168
7.0,0.4,DBC,0.04385610924696639
7.0,0.4,DIA,3.8168375874609477e-07
7.0,0.4,DIS,9.164908178499459e-10
7.0,0.4,EEM,6.947881702880888e-09
7.0,0.4,EFA,1.2254823473288235e-08
7.0,0.4,EMB,1.009367581316652e-09
7.0,0.4,GLD,0.1418421322192227
7.0,0.4,GOOGL,0.04988295768856674
7.0,0.4,HD,0.02226909089029302
7.0,0.4,HYG,5.302638503544429e-08
7.0,0.4,IEF,1.9532205582606643e-08
7.0,0.4,IWM,2.3889844945177167e-08
7.0,0.4,JNJ,4.482293602099922e-08
7.0,0.4,JPM,0.032646797246907014
7.0,0.4,KO,4.320364592346313e-08
7.0,0.4,LQD,5.476043437737001e-09
7.0,0.4,MA,3.6403939305531707e-07
7.0,0.4,META,0.02741048534145118
7.0,0.4,MSFT,0.06986030592416193
7.0,0.4,MUB,2.7666175795133305e-07
7.0,0.4,PALL,1.2307576665991552e-09
7.0,0.4,PFE,1.817487384606258e-08
7.0,0.4,PG,0.038507705573535764
7.0,0.4,QQQ,0.042103435972779546
7.0,0.4,SLV,3.247753604735112e-07
7.0,0.4,SPY,0.019532240530548427
7.0,0.4,TLT,-3.932827726604819e-10
7.0,0.4,TSLA,0.024017807765906528
7.0,0.4,UNG,5.907665774604521e-09
7.0,0.4,USO,0.0014221035705569017
7.0,0.4,V,0.0002839112555302693
7.0,0.4,VNQ,4.14221272817811e-09
7.0,0.4,WEAT,7.566850582987701e-08
7.0,0.4,WMT,0.13087298000644926
7.0,0.4,XOM,0.039837746842203106
7.0,0.7,AAPL,0.03041819236441759
7.0,0.7,AGG,0.033297655304167825
7.0,0.7,AMZN,0.014524502446843805
7.0,0.7,BAC,0.002723856747331326
7.0,0.7,BND,0.028622340391591637
7.0,0.7,BNDX,0.060690097930298954
7.0,0.7,CORN,0.03738605967226785
7.0,0.7,CSCO,0.012681740122865345
7.0,0.7,DBA,0.11337288408398051
7.0,0.7,DBC,0.03591338274565035
7.0,0.7,DIA,0.019564828307743882
7.0,0.7,DIS,5.206105485513574e-11
7.0,0.7,EEM,8.768789292030724e-10
7.0,0.7,EFA,5.036523426834236e-09
7.0,0.7,EMB,3.3886073692257875e-10
7.0,0.7,GLD,0.08035052837668148
7.0,0.7,GOOGL,0.030217555658313362
7.0,0.7,HD,0.017798127523282897
7.0,0.7,HYG,0.03144617113343177
7.0,0.7,IEF,0.005471875382869827
7.0,0.7,IWM,0.0025786313074606985
7.0,0.7,JNJ,0.009171832763643865
7.0,0.7,JPM,0.020396825511205148
7.0,0.7,KO,0.007745204753390671
7.0,0.7,LQD,1.1504745713630426e-09
7.0,0.7,MA,0.00896918610101419
7.0,0.7,META,0.016139447261613444
7.0,0.7,MSFT,0.04281378163955898
7.0,0.7,MUB,0.10591216097539803
7.0,0.7,PALL,3.232594251811947e-11
7.0,0.7,PFE,1.9430261240946168e-08
7.0,0.7,PG,0.03461149617991718
7.0,0.7,QQQ,0.03361227731014666
7.0,0.7,SLV,0.0075472167144792724
7.0,0.7,SPY,0.02997548336230776
7.0,0.7,TLT,4.1054552603153007e-11
7.0,0.7,TSLA,0.012061455898657689
7.0,0.7,UNG,3.528635182321518e-10
7.0,0.7,USO,0.003439985044716823
7.0,0.7,V,0.012693938289364092
7.0,0.7,VNQ,3.4321256392017304e-10
7.0,0.7,WEAT,0.006757298690958589
7.0,0.7,WMT,0.07028249527729581
7.0,0.7,XOM,0.02081145727838847
7.0,1.0,AAPL,0.021009881005400174
7.0,1.0,AGG,0.06557467817582566
7.0,1.0,AMZN,0.011292297394656675
7.0,1.0,BAC,0.004733999890142995
7.0,1.0,BND,0.06288079503086226
7.0,1.0,BNDX,0.09423483255273583
7.0,1.0,CORN,0.028170615087656385
7.0,1.0,CSCO,0.011505379816195068
7.0,1.0,DBA,0.07904402318239738
7.0,1.0,DBC,0.02824345024355986
7.0,1.0,DIA,0.01969670023784845
7.0,1.0,DIS,1.1777240088365633e-09
7.0,1.0,EEM,0.0024565506284242034
7.0,1.0,EFA,0.006532309169171083
7.0,1.0,EMB,9.990064501567692e-08
7.0,1.0,GLD,0.05527778617856672
7.0,1.0,GOOGL,0.021128306282435564
7.0,1.0,HD,0.013929462571320427
7.0,1.0,HYG,0.04248676514019911
7.0,1.0,IEF,0.034051638683244546
7.0,1.0,IWM,0.006452684987187537
7.0,1.0,JNJ,0.013441912604319097
7.0,1.0,JPM,0.014930312689819474
7.0,1.0,KO,0.011739011215662827
7.0,1.0,LQD,0.00693521067201177
7.0,1.0,MA,0.009355310085081555
7.0,1.0,META,0.01101884980408022
7.0,1.0,MSFT,0.02994479424922051
7.0,1.0,MUB,0.11244577826234088
7.0,1.0,PALL,6.057265415712512e-10
7.0,1.0,PFE,0.0027999075813104697
7.0,1.0,PG,0.027505699295835594
7.0,1.0,QQQ,0.025453622885426283
7.0,1.0,SLV,0.00743099829311077
7.0,1.0,SPY,0.025657348713287727
7.0,1.0,TLT,1.507749259678152e-09
7.0,1.0,TSLA,0.007693379551769951
7.0,1.0,UNG,6.292491421426765e-08
7.0,1.0,USO,0.003486009993045718
7.0,1.0,V,0.012609405290983268
7.0,1.0,VNQ,6.602340300861762e-08
7.0,1.0,WEAT,0.007925148805697214
7.0,1.0,WMT,0.04679928623078926
7.0,1.0,XOM,0.014125625350091387
8.0,0.1,AAPL,0.04796925487102065
8.0,0.1,AGG,-1.8865957098913793e-11
8.0,0.1,AMZN,3.8244060091197683e-11
8.0,0.1,BAC,1.6909717697173115e-11
8.0,0.1,BND,-1.9882137902355083e-11
8.0,0.1,BNDX,-2.5571050690027033e-11
8.0,0.1,CORN,2.141794344468445e-09
8.0,0.1,CSCO,4.334132370775637e-11
8.0,0.1,DBA,0.2566985097220188
8.0,0.1,DBC,2.553670401263143e-10
8.0,0.1,DIA,2.1924883164398436e-11
8.0,0.1,DIS,-1.072528283827389e-12
8.0,0.1,EEM,-9.156501204966359e-14
8.0,0.1,EFA,2.9094537158950893e-12
8.0,0.1,EMB,-8.462012672462971e-12
8.0,0.1,GLD,0.17146761593085874
8.0,0.1,GOOGL,0.056268194453204516
8.0,0.1,HD,1.167664071471957e-10
8.0,0.1,HYG,-2.0946731644786942e-13
8.0,0.1,IEF,-1.0077119056847123e-11
8.0,0.1,IWM,1.0229464235846317e-11
8.0,0.1,JNJ,1.2241769790653827e-11
8.0,0.1,JPM,0.004116826650812813
8.0,0.1,KO,1.6393901163202238e-11
8.0,0.1,LQD,-8.850387521807876e-12
8.0,0.1,MA,2.4268831695621922e-11
8.0,0.1,META,0.036343735151940136
8.0,0.1,MSFT,0.06223209469576457
8.0,0.1,MUB,-4.3391043380176414e-12
8.0,0.1,PALL,6.040238821502577e-13
8.0,0.1,PFE,1.1894857394892612e-11
8.0,0.1,PG,9.842219158860458e-11
8.0,0.1,QQQ,9.692717077423797e-11
8.0,0.1,SLV,2.8344973954098172e-11
8.0,0.1,SPY,3.442622993068312e-11
8.0,0.1,TLT,-4.845313455475389e-12
8.0,0.1,TSLA,0.05619882138402998
8.0,0.1,UNG,5.547104200115144e-12
8.0,0.1,USO,1.79601820450981e-10
8.0,0.1,V,2.806141557188729e-11
8.0,0.1,VNQ,-4.801193302202989e-13
8.0,0.1,WEAT,3.5831771153620864e-11
8.0,0.1,WMT,0.22543060149059801
8.0,0.1,XOM,0.08327434259594348
8.0,0.4,AAPL,0.047556461481246
8.0,0.4,AGG,4.101542878696263e-08
8.0,0.4,AMZN,0.012391250525044273
8.0,0.4,BAC,1.8593937531464974e-08
8.0,0.4,BND,3.468606001947604e-08
8.0,0.4,BNDX,5.8282950636464465e-08
8.0,0.4,CORN,0.0533164987379686
8.0,0.4,CSCO,0.005609144442269412
8.0,0.4,DBA,0.19245086328536112
8.0,0.4,DBC,0.043386689908253784
8.0,0.4,DIA,1.4897409940301805e-07
8.0,0.4,DIS,9.359111040828273e-10
8.0,0.4,EEM,5.775063742887796e-09
8.0,0.4,EFA,9.024155753743452e-09
8.0,0.4,EMB,2.466872630018824e-09
8.0,0.4,GLD,0.14353412702092183
8.0,0.4,GOOGL,0.04647127433233773
8.0,0.4,HD,0.020170168385107073
8.0,0.4,HYG,5.707552449753921e-08
8.0,0.4,IEF,2.9775539920904544e-08
8.0,0.4,IWM,1.6014110493729873e-08
8.0,0.4,JNJ,4.053158595881643e-08
8.0,0.4,JPM,0.030294814815026487
8.0,0.4,KO,3.1245080675765035e-08
8.0,0.4,LQD,7.328487777964585e-09
8.0,0.4,MA,9.400729068000523e-08
8.0,0.4,META,0.024917450177163125
8.0,0.4,MSFT,0.06574599811479724
8.0,0.4,MUB,0.034220429449677556
8.0,0.4,PALL,1.6726619612693754e-09
8.0,0.4,PFE,1.4955772267753075e-08
8.0,0.4,PG,0.03855540485095905
8.0,0.4,QQQ,0.03790958788554473
8.0,0.4,SLV,6.97370611491483e-08
8.0,0.4,SPY,0.01568806533735495
8.0,0.4,TLT,1.5329187873502873e-09
8.0,0.4,TSLA,0.021922523313243396
8.0,0.4,UNG,4.6602970761286e-09
8.0,0.4,USO,0.0009038387993127449
8.0,0.4,V,5.146076154208347e-07
8.0,0.4,VNQ,3.374585101823633e-09
8.0,0.4,WEAT,8.671769985476183e-08
8.0,0.4,WMT,0.12683864580660753
8.0,0.4,XOM,0.03811546987800604
8.0,0.7,AAPL,0.027903467604421545
8.0,0.7,AGG,0.04183648076800528
8.0,0.7,AMZN,0.013046542764496674
8.0,0.7,BAC,0.0018023991945172006
8.0,0.7,BND,0.03696471660382777
8.0,0.7,BNDX,0.07260363003494501
8.0,0.7,CORN,0.03735107516152475
8.0,0.7,CSCO,0.011703364236405217
8.0,0.7,DBA,0.10970686644540777
8.0,0.7,DBC,0.03473760418997338
8.0,0.7,DIA,0.01733832574991212
8.0,0.7,DIS,1.2503281507373411e-10
8.0,0.7,EEM,2.084440310500382e-09
8.0,0.7,EFA,7.686736735349272e-09
8.0,0.7,EMB,9.242986287880164e-10
8.0,0.7,GLD,0.07765716148952352
8.0,0.7,GOOGL,0.027936181967826455
8.0,0.7,HD,0.015992219469135784
8.0,0.7,HYG,0.03151525052114163
8.0,0.7,IEF,0.012681124349466505
8.0,0.7,IWM,0.0013483812934569313
8.0,0.7,JNJ,0.009476761360756038
8.0,0.7,JPM,0.018830682572562582
8.0,0.7,KO,0.007035503988195116
8.0,0.7,LQD,3.3364712432528025e-09
8.0,0.7,MA,0.007569056811783142
8.0,0.7,META,0.01475647459331196
8.0,0.7,MSFT,0.039679063326678615
8.0,0.7,MUB,0.11373241281555654
8.0,0.7,PALL,1.2006401891940714e-10
8.0,0.7,PFE,7.228831693987996e-08
8.0,0.7,PG,0.03312307334872561
8.0,0.7,QQQ,0.030471918442410095
8.0,0.7,SLV,0.006425941328343461
8.0,0.7,SPY,0.02688280878206414
8.0,0.7,TLT,1.5788491655526726e-10
8.0,0.7,TSLA,0.011091505753654876
8.0,0.7,UNG,1.0823382163369598e-09
8.0,0.7,USO,0.003256154162710363
8.0,0.7,V,0.011244488625862052
8.0,0.7,VNQ,7.959734587363015e-10
8.0,0.7,WEAT,0.007562317250859807
8.0,0.7,WMT,0.06700690188639291
8.0,0.7,XOM,0.019730054411579205
8.0,1.0,AAPL,0.01984503718422735
8.0,1.0,AGG,0.06971921499173281
8.0,1.0,AMZN,0.010526563849586196
8.0,1.0,BAC,0.004048199883641919
8.0,1.0,BND,0.06680386878208261
8.0,1.0,BNDX,0.10047629765172696
8.0,1.0,CORN,0.028669842209702496
8.0,1.0,CSCO,0.010926517938275976
8.0,1.0,DBA,0.07846448805315805
8.0,1.0,DBC,0.027907593334747332
8.0,1.0,DIA,0.01827640796674753
8.0,1.0,DIS,4.526008452825481e-09
8.0,1.0,EEM,0.0015387969968143663
8.0,1.0,EFA,0.005208068830843261
8.0,1.0,EMB,1.0445161998581122e-07
8.0,1.0,GLD,0.054830832334346734
8.0,1.0,GOOGL,0.020109355831276068
8.0,1.0,HD,0.01294572254326962
8.0,1.0,HYG,0.04208467314732626
8.0,1.0,IEF,0.037517792865550424
8.0,1.0,IWM,0.005492349014335906
8.0,1.0,JNJ,0.013411984678510422
8.0,1.0,JPM,0.014142441919405025
8.0,1.0,KO,0.011139339977507974
8.0,1.0,LQD,0.006718658774300862
8.0,1.0,MA,0.00844263751811384
8.0,1.0,META,0.010393884715360208
8.0,1.0,MSFT,0.028584635043769683
8.0,1.0,MUB,0.11722240352597302
8.0,1.0,PALL,3.5978520255629545e-09
8.0,1.0,PFE,0.002724573608367295
8.0,1.0,PG,0.026936285136849463
8.0,1.0,QQQ,0.023853982445724453
8.0,1.0,SLV,0.006793104982739552
8.0,1.0,SPY,0.023910415403659777
8.0,1.0,TLT,7.853097278419778e-09
8.0,1.0,TSLA,0.007273591542062978
8.0,1.0,UNG,3.2497069508254173e-07
8.0,1.0,USO,0.003375800135255993
8.0,1.0,V,0.01168496569891201
8.0,1.0,VNQ,4.273147550381218e-08
8.0,1.0,WEAT,0.008467854719294227
8.0,1.0,WMT,0.045819984059447295
8.0,1.0,XOM,0.013711344221240884
9.0,0.1,AAPL,0.0418691072608473
9.0,0.1,AGG,-1.4588999218997335e-08
9.0,0.1,AMZN,2.3129696288602156e-08
9.0,0.1,BAC,1.1560373019130726e-08
9.0,0.1,BND,-1.5417745816618046e-08
9.0,0.1,BNDX,-1.9585281427464686e-08
9.0,0.1,CORN,0.00134854701872289
9.0,0.1,CSCO,3.5196201534774285e-08
9.0,0.1,DBA,0.2715583605285215
9.0,0.1,DBC,3.010890449776334e-07
9.0,0.1,DIA,1.5638262655777194e-08
9.0,0.1,DIS,-1.1765710194786537e-09
9.0,0.1,EEM,-5.096073897342195e-10
9.0,0.1,EFA,1.3428629584460074e-09
9.0,0.1,EMB,-6.664642258514679e-09
9.0,0.1,GLD,0.18911709775530836
9.0,0.1,GOOGL,0.05192216113265287
9.0,0.1,HD,1.3148350535546454e-07
9.0,0.1,HYG,-2.673726742020869e-10
9.0,0.1,IEF,-7.743002838417217e-09
9.0,0.1,IWM,6.9926279924770776e-09
9.0,0.1,JNJ,8.241761215013007e-09
9.0,0.1,JPM,0.003402031580984743
9.0,0.1,KO,1.1223226514694323e-08
9.0,0.1,LQD,-7.121177236054133e-09
9.0,0.1,MA,1.6584249966207963e-08
9.0,0.1,META,0.03087961213248831
9.0,0.1,MSFT,0.06153187363052423
9.0,0.1,MUB,4.176758955078737e-10
9.0,0.1,PALL,5.111867412309938e-10
9.0,0.1,PFE,7.9559435736492e-09
9.0,0.1,PG,8.829126677940563e-08
9.0,0.1,QQQ,8.87026000652678e-08
9.0,0.1,SLV,1.6227159895505236e-08
9.0,0.1,SPY,2.451693041425428e-08
9.0,0.1,TLT,-4.0353065076155975e-09
9.0,0.1,TSLA,0.05062920914870768
9.0,0.1,UNG,3.704404733206801e-09
9.0,0.1,USO,1.894357867500251e-07
9.0,0.1,V,1.988648344714597e-08
9.0,0.1,VNQ,-1.0252126141082964e-09
9.0,0.1,WEAT,2.7819259134246635e-08
9.0,0.1,WMT,0.21829788681490278
9.0,0.1,XOM,0.07944316025472496
9.0,0.4,AAPL,0.04353867204506296
9.0,0.4,AGG,1.1162267512399173e-07
9.0,0.4,AMZN,0.010791216197703757
9.0,0.4,BAC,2.5572196400134902e-08
9.0,0.4,BND,9.014553547688996e-08
9.0,0.4,BNDX,2.015395050535171e-07
9.0,0.4,CORN,0.054374956662843824
9.0,0.4,CSCO,0.004911720623347756
9.0,0.4,DBA,0.18770217250405993
9.0,0.4,DBC,0.042036453600328504
9.0,0.4,DIA,1.801008405662257e-07
9.0,0.4,DIS,1.664595867079951e-09
9.0,0.4,EEM,9.35189862255344e-09
9.0,0.4,EFA,1.3680965059568246e-08
9.0,0.4,EMB,5.29993141030552e-09
9.0,0.4,GLD,0.1409873121067469
9.0,0.4,GOOGL,0.043007147539974235
9.0,0.4,HD,0.01771545672479121
9.0,0.4,HYG,1.1700222757940886e-07
9.0,0.4,IEF,7.47135942983166e-08
9.0,0.4,IWM,2.3103954012689346e-08
9.0,0.4,JNJ,7.634748329585541e-08
9.0,0.4,JPM,0.027750025517303968
9.0,0.4,KO,4.7734784184524104e-08
9.0,0.4,LQD,1.4573984628376552e-08
9.0,0.4,MA,1.0417768672505031e-07
9.0,0.4,META,0.022543834990096254
9.0,0.4,MSFT,0.06125965204097377
9.0,0.4,MUB,0.08165593681474936
9.0,0.4,PALL,3.382410584556396e-09
9.0,0.4,PFE,2.5451571336923218e-08
9.0,0.4,PG,0.037436819171812435
9.0,0.4,QQQ,0.03375442650981779
9.0,0.4,SLV,7.1213610307757e-08
9.0,0.4,SPY,0.012028794844241209
9.0,0.4,TLT,4.087333949805966e-09
9.0,0.4,TSLA,0.020069424998717104
9.0,0.4,UNG,7.8130809025024e-09
9.0,0.4,USO,0.0003197041283530114
9.0,0.4,V,3.0917637271801595e-07
9.0,0.4,VNQ,5.423100613345747e-09
9.0,0.4,WEAT,2.615238252122819e-07
9.0,0.4,WMT,0.12179835283249564
9.0,0.4,XOM,0.036316134834482316
9.0,0.7,AAPL,0.025860682822854558
9.0,0.7,AGG,0.04868672061854354
9.0,0.7,AMZN,0.011813817928376885
9.0,0.7,BAC,0.000994721707886244
9.0,0.7,BND,0.04363337542747433
9.0,0.7,BNDX,0.08244165972051713
9.0,0.7,CORN,0.03745646890092122
9.0,0.7,CSCO,0.010890239597730025
9.0,0.7,DBA,0.1069657941069511
9.0,0.7,DBC,0.033846597362317585
9.0,0.7,DIA,0.015433223096231196
9.0,0.7,DIS,1.403495548022948e-09
9.0,0.7,EEM,1.763884303274143e-08
9.0,0.7,EFA,4.375053376897475e-08
9.0,0.7,EMB,9.644658553308564e-09
9.0,0.7,GLD,0.07559655018788791
9.0,0.7,GOOGL,0.026087610173187167
9.0,0.7,HD,0.014477964149090299
9.0,0.7,HYG,0.031434697958379096
9.0,0.7,IEF,0.018387604975099524
9.0,0.7,IWM,0.0002543102286622216
9.0,0.7,JNJ,0.009730611216582743
9.0,0.7,JPM,0.017566841631474636
9.0,0.7,KO,0.006379285376717105
9.0,0.7,LQD,3.3787259503364625e-08
9.0,0.7,MA,0.0063659854174754555
9.0,0.7,META,0.01362688138879965
9.0,0.7,MSFT,0.03713105021029508
9.0,0.7,MUB,0.12033970554273878
9.0,0.7,PALL,1.8349711308429276e-09
9.0,0.7,PFE,2.7860905700566506e-07
9.0,0.7,PG,0.03193409136571515
9.0,0.7,QQQ,0.027868624484156983
9.0,0.7,SLV,0.005440460229843068
9.0,0.7,SPY,0.024279230010161527
9.0,0.7,TLT,2.564905593035118e-09
9.0,0.7,TSLA,0.010318106601857365
9.0,0.7,UNG,1.1230368462940565e-08
9.0,0.7,USO,0.003104307651927599
9.0,0.7,V,0.010013118337331784
9.0,0.7,VNQ,7.016306414995079e-09
9.0,0.7,WEAT,0.008235541891013455
9.0,0.7,WMT,0.06450085209743545
9.0,0.7,XOM,0.018902859669799
9.0,1.0,AAPL,0.01882640388595156
9.0,1.0,AGG,0.07333627015048189
9.0,1.0,AMZN,0.00984494972435471
9.0,1.0,BAC,0.003430806897105295
9.0,1.0,BND,0.07022167593795323
9.0,1.0,BNDX,0.1060519010339581
9.0,1.0,CORN,0.029174894955146274
9.0,1.0,CSCO,0.010417283991319828
9.0,1.0,DBA,0.0780673658663453
9.0,1.0,DBC,0.027656288634762147
9.0,1.0,DIA,0.017005738186780125
9.0,1.0,DIS,1.4086876943649192e-10
9.0,1.0,EEM,0.0006538381787821234
9.0,1.0,EFA,0.003967361299935278
9.0,1.0,EMB,5.238569877382922e-09
9.0,1.0,GLD,0.05448726967011845
9.0,1.0,GOOGL,0.019221961552681847
9.0,1.0,HD,0.012065874074236252
9.0,1.0,HYG,0.041702934829027996
9.0,1.0,IEF,0.04049226070053257
9.0,1.0,IWM,0.004619700916298055
9.0,1.0,JNJ,0.01340114410489684
9.0,1.0,JPM,0.013461486856173056
9.0,1.0,KO,0.010592729496156177
9.0,1.0,LQD,0.006380755315400416
9.0,1.0,MA,0.007622474761740156
9.0,1.0,META,0.009846897473165552
9.0,1.0,MSFT,0.027394928374272914
9.0,1.0,MUB,0.12153466026964417
9.0,1.0,PALL,1.4237890455104316e-10
9.0,1.0,PFE,0.0026515418596047423
9.0,1.0,PG,0.02645277500632928
9.0,1.0,QQQ,0.022437260795259647
9.0,1.0,SLV,0.006207612405295428
9.0,1.0,SPY,0.02235422093504987
9.0,1.0,TLT,2.886913935256312e-10
9.0,1.0,TSLA,0.006913141538666074
9.0,1.0,UNG,2.3839832162625267e-08
9.0,1.0,USO,0.003283019134198471
9.0,1.0,V,0.010860645926914105
9.0,1.0,VNQ,1.3999672762901878e-09
9.0,1.0,WEAT,0.008956089526710075
9.0,1.0,WMT,0.045029628536588845
9.0,1.0,XOM,0.013374175700579477
10.0,0.1,AAPL,0.036756692829809846
10.0,0.1,AGG,-2.548222020720754e-09
10.0,0.1,AMZN,1.2288242940796192e-08
10.0,0.1,BAC,6.081272650987349e-09
10.0,0.1,BND,-3.327005254698032e-09
10.0,0.1,BNDX,-4.766248858430705e-09
10.0,0.1,CORN,0.013127012288000247
10.0,0.1,CSCO,1.868309691458566e-08
10.0,0.1,DBA,0.27547166048981186
10.0,0.1,DBC,1.4406467204491253e-07
10.0,0.1,DIA,8.926855954211485e-09
10.0,0.1,DIS,-3.9183880351841506e-10
10.0,0.1,EEM,2.683642618263316e-10
10.0,0.1,EFA,1.1805624797149153e-09
10.0,0.1,EMB,-2.3074352251882876e-09
10.0,0.1,GLD,0.20232629925341186
10.0,0.1,GOOGL,0.04784824658940098
10.0,0.1,HD,7.152719507873093e-08
10.0,0.1,HYG,3.0595843374858774e-09
10.0,0.1,IEF,-3.1728149103189244e-10
10.0,0.1,IWM,4.0917410744637025e-09
10.0,0.1,JNJ,5.149365563623748e-09
10.0,0.1,JPM,0.0038569516596975778
10.0,0.1,KO,5.857054294768673e-09
10.0,0.1,LQD,-1.894415403921675e-09
10.0,0.1,MA,8.371546503134013e-09
10.0,0.1,META,0.02714948701745217
10.0,0.1,MSFT,0.06117850601069758
10.0,0.1,MUB,1.4612128653337572e-08
10.0,0.1,PALL,4.268839744370631e-10
10.0,0.1,PFE,4.635882117437504e-09
10.0,0.1,PG,4.153332378311807e-08
10.0,0.1,QQQ,4.2924212218259336e-08
10.0,0.1,SLV,6.473713778221937e-09
10.0,0.1,SPY,1.3456062664013385e-08
10.0,0.1,TLT,-1.2829106135943912e-09
10.0,0.1,TSLA,0.04567818233677472
10.0,0.1,UNG,1.701819309368962e-09
10.0,0.1,USO,9.50417802697459e-08
10.0,0.1,V,1.045864989241377e-08
10.0,0.1,VNQ,-1.5850631213643413e-10
10.0,0.1,WEAT,1.4329963378910893e-08
10.0,0.1,WMT,0.2113529696259592
10.0,0.1,XOM,0.07525347333076567
10.0,0.4,AAPL,0.04022712865321675
10.0,0.4,AGG,1.2803750524286764e-07
10.0,0.4,AMZN,0.009435163497387707
10.0,0.4,BAC,1.224595830305304e-08
10.0,0.4,BND,8.898166495677108e-08
10.0,0.4,BNDX,9.10964287803347e-07
10.0,0.4,CORN,0.05525339310192861
10.0,0.4,CSCO,0.004216541896583985
10.0,0.4,DBA,0.18389599792255168
10.0,0.4,DBC,0.04069883442188654
10.0,0.4,DIA,8.123012993135206e-08
10.0,0.4,DIS,3.6929415229002296e-10
10.0,0.4,EEM,4.223817419564014e-09
10.0,0.4,EFA,6.351580129754699e-09
10.0,0.4,EMB,1.8738123339924563e-09
10.0,0.4,GLD,0.13902473482057284
10.0,0.4,GOOGL,0.0401505712012499
10.0,0.4,HD,0.015562239903545551
10.0,0.4,HYG,8.709306794527985e-08
10.0,0.4,IEF,7.015865826383883e-08
10.0,0.4,IWM,1.1303084893739021e-08
10.0,0.4,JNJ,5.0983267886316426e-08
10.0,0.4,JPM,0.02558515107989472
10.0,0.4,KO,2.5033839319080702e-08
10.0,0.4,LQD,7.806830202697117e-09
10.0,0.4,MA,4.428499226349929e-08
10.0,0.4,META,0.020572007611868146
10.0,0.4,MSFT,0.05758064375908628
10.0,0.4,MUB,0.12117207667487652
10.0,0.4,PALL,1.5850503612614508e-09
10.0,0.4,PFE,1.4684508872917267e-08
10.0,0.4,PG,0.036365482176133175
10.0,0.4,QQQ,0.03019092095494339
10.0,0.4,SLV,2.802000152011786e-08
10.0,0.4,SPY,0.008651537017892173
10.0,0.4,TLT,1.6541288251420164e-09
10.0,0.4,TSLA,0.018579184573482017
10.0,0.4,UNG,4.468308517665681e-09
10.0,0.4,USO,3.882574337979303e-06
10.0,0.4,V,1.3763357919953582e-07
10.0,0.4,VNQ,2.0900105926089804e-09
10.0,0.4,WEAT,1.9379538946070187e-06
10.0,0.4,WMT,0.11792984714194531
10.0,0.4,XOM,0.034901001788190666
10.0,0.7,AAPL,0.024124084593902237
10.0,0.7,AGG,0.054339015945035915
10.0,0.7,AMZN,0.010740938405266529
10.0,0.7,BAC,0.00024969976029869947
10.0,0.7,BND,0.049115368903543996
10.0,0.7,BNDX,0.09081065410700821
10.0,0.7,CORN,0.03763133752639883
10.0,0.7,CSCO,0.01017860564557777
10.0,0.7,DBA,0.10479248174166084
10.0,0.7,DBC,0.03312751298912211
10.0,0.7,DIA,0.01372059159386511
10.0,0.7,DIS,9.92478569526211e-10
10.0,0.7,EEM,1.151854150806769e-08
10.0,0.7,EFA,2.3733788800540905e-08
10.0,0.7,EMB,7.112492444089349e-09
10.0,0.7,GLD,0.07393500857018165
10.0,0.7,GOOGL,0.024519155070604544
10.0,0.7,HD,0.01314404403691657
10.0,0.7,HYG,0.031203768251064305
10.0,0.7,IEF,0.02305940897488601
10.0,0.7,IWM,3.9046658555150826e-07
10.0,0.7,JNJ,0.00994470537559469
10.0,0.7,JPM,0.01647594487415333
10.0,0.7,KO,0.00575971616105256
10.0,0.7,LQD,2.5394299612043083e-08
10.0,0.7,MA,0.005292202155592405
10.0,0.7,META,0.012667093998555399
10.0,0.7,MSFT,0.03496927666547479
10.0,0.7,MUB,0.12602052729986263
10.0,0.7,PALL,1.614296839605463e-09
10.0,0.7,PFE,2.3986358064196563e-07
10.0,0.7,PG,0.03095068937021654
10.0,0.7,QQQ,0.025608906880894594
10.0,0.7,SLV,0.004549108243050694
10.0,0.7,SPY,0.021981033746737405
10.0,0.7,TLT,2.2036824179211475e-09
10.0,0.7,TSLA,0.009668665042469677
10.0,0.7,UNG,9.132593964780479e-09
10.0,0.7,USO,0.002969426557094238
10.0,0.7,V,0.008922711455902928
10.0,0.7,VNQ,4.567266301536834e-09
10.0,0.7,WEAT,0.00881435085289941
10.0,0.7,WMT,0.06248586768778145
10.0,0.7,XOM,0.018227380830009392
10.0,1.0,AAPL,0.017917868575830637
10.0,1.0,AGG,0.07652677357135787
10.0,1.0,AMZN,0.009226982674362403
10.0,1.0,BAC,0.0028661789144804285
10.0,1.0,BND,0.07323094069011157
10.0,1.0,BNDX,0.11108867242452365
10.0,1.0,CORN,0.029676004234403117
10.0,1.0,CSCO,0.009962088185864644
10.0,1.0,DBA,0.07779019954518687
10.0,1.0,DBC,0.027462520317871202
10.0,1.0,DIA,0.01584938143661071
10.0,1.0,DIS,7.82433893955282e-09
10.0,1.0,EEM,1.2860649111301358e-05
10.0,1.0,EFA,0.0027895984822837944
10.0,1.0,EMB,2.2513911555258805e-07
10.0,1.0,GLD,0.054207493262935856
10.0,1.0,GOOGL,0.018432142586634268
10.0,1.0,HD,0.011264618590253734
10.0,1.0,HYG,0.04132842921940797
10.0,1.0,IEF,0.043075770608881375
10.0,1.0,IWM,0.0038147380092634323
10.0,1.0,JNJ,0.013405506710273936
10.0,1.0,JPM,0.012860955502035113
10.0,1.0,KO,0.010085869150246743
10.0,1.0,LQD,0.005945580363800892
10.0,1.0,MA,0.006873863066753021
10.0,1.0,META,0.009357325562344263
10.0,1.0,MSFT,0.02633163234330471
10.0,1.0,MUB,0.1254565401908174
10.0,1.0,PALL,1.0178172602987082e-08
10.0,1.0,PFE,0.0025819999653647592
10.0,1.0,PG,0.02603058415070452
10.0,1.0,QQQ,0.021158266582842512
10.0,1.0,SLV,0.005660024783967793
10.0,1.0,SPY,0.020942342964025147
10.0,1.0,TLT,1.89973562877921e-08
10.0,1.0,TSLA,0.006597268158196235
10.0,1.0,UNG,1.3090467423380039e-06
10.0,1.0,USO,0.0032026671707334055
10.0,1.0,V,0.01011391476262045
10.0,1.0,VNQ,5.5691557582913305e-08
10.0,1.0,WEAT,0.009399680618971633
10.0,1.0,WMT,0.04437725972388087
10.0,1.0,XOM,0.0130938287577855
